Date,CCJ,NLR,SPY,URA,URNM
2019-12-02,8.963971138000488,40.73591232299805,282.6760559082031,8.542102813720703,10.484480857849121
2019-12-03,9.003244400024414,40.82928466796875,280.7803039550781,8.597931861877441,10.484480857849121
2019-12-04,9.179969787597656,41.457420349121094,282.5128479003906,8.637812614440918,10.484480857849121
2019-12-05,9.121061325073242,41.414981842041016,283.020751953125,8.661739349365234,10.589218139648438
2019-12-06,9.59233283996582,41.576263427734375,285.60595703125,8.829232215881348,10.723048210144043
2019-12-09,8.954153060913086,41.686614990234375,284.7080078125,8.637812614440918,10.543499946594238
2019-12-10,8.797061920166016,41.55079650878906,284.3903503417969,8.629836082458496,10.555968284606934
2019-12-11,8.934516906738281,41.856380462646484,285.19769287109375,8.741497993469238,10.616233825683594
2019-12-12,9.101426124572754,41.8648681640625,287.6558837890625,8.877087593078613,10.676913261413574
2019-12-13,8.954153060913086,41.78847122192383,287.82818603515625,8.805303573608398,10.638677597045898
2019-12-16,8.757789611816406,41.77998352050781,289.8055725097656,8.781377792358398,10.618727684020996
2019-12-17,8.571244239807129,42.19591522216797,289.8690490722656,8.709593772888184,10.511080741882324
2019-12-18,8.600699424743652,42.331729888916016,289.88714599609375,8.741497993469238,10.644911766052246
2019-12-19,8.639972686767578,42.34871292114258,291.0755615234375,8.78935432434082,10.628703117370605
2019-12-20,8.482882499694824,42.27231216430664,292.3515930175781,8.765426635742188,10.585894584655762
2019-12-23,8.68906307220459,42.14103317260742,292.7982482910156,8.765426635742188,10.707670211791992
2019-12-24,8.698881149291992,42.088863372802734,292.807373046875,8.765426635742188,10.69644832611084
2019-12-26,8.757789611816406,42.1671142578125,294.3660583496094,8.837207794189453,10.802017211914062
2019-12-27,8.669426918029785,42.323612213134766,294.2930908203125,8.901016235351562,10.832773208618164
2019-12-30,8.738152503967285,42.097557067871094,292.6706848144531,8.844780921936035,10.856048583984375
2019-12-31,8.738152503967285,42.25405502319336,293.3816223144531,8.90101432800293,10.872257232666016
2020-01-02,8.777425765991211,42.35839080810547,296.125244140625,8.88494873046875,10.905922889709473
2020-01-03,8.885425567626953,42.271446228027344,293.8829040527344,8.844780921936035,10.943327903747559
2020-01-06,9.032698631286621,42.29752731323242,295.00421142578125,8.836747169494629,10.989047050476074
2020-01-07,8.846155166625977,41.80195617675781,294.174560546875,8.780513763427734,10.770845413208008
2020-01-08,8.738152503967285,41.697628021240234,295.7424621582031,8.668045997619629,10.692291259765625
2020-01-09,8.453426361083984,41.63676452636719,297.74786376953125,8.611810684204102,10.559709548950195
2020-01-10,8.78724479675293,41.64545822143555,296.89093017578125,8.692145347595215,10.598361015319824
2020-01-13,8.934516906738281,42.088863372802734,298.9327392578125,8.79658031463623,10.685641288757324
2020-01-14,8.826516151428223,42.097557067871094,298.4770202636719,8.78854751586914,10.66070556640625
2020-01-15,8.610519409179688,42.488800048828125,299.1515197753906,8.740347862243652,10.57342529296875
2020-01-16,8.738152503967285,42.80179214477539,301.6400146484375,8.828715324401855,10.666524887084961
2020-01-17,8.718518257141113,43.12348175048828,302.57891845703125,8.836747169494629,10.610830307006836
2020-01-21,8.59088134765625,43.10609817504883,301.986328125,8.820680618286133,10.45289421081543
2020-01-22,8.482882499694824,43.12348175048828,302.02288818359375,8.780513763427734,10.426294326782227
2020-01-23,8.384700775146484,43.49733352661133,302.3692321777344,8.756415367126465,10.292465209960938
2020-01-24,8.26688289642334,43.52342224121094,299.6802062988281,8.684113502502441,10.186896324157715
2020-01-27,8.080337524414062,43.227813720703125,294.8765563964844,8.435077667236328,9.945836067199707
2020-01-28,8.198156356811523,43.59297180175781,297.9665832519531,8.386877059936523,9.895960807800293
2020-01-29,8.227609634399414,43.56688690185547,297.720458984375,8.39491081237793,9.808679580688477
2020-01-30,8.188338279724121,43.73208236694336,298.6866149902344,8.306543350219727,9.792055130004883
2020-01-31,7.923247337341309,43.26258850097656,293.2630920410156,8.121774673461914,9.759222030639648
2020-02-03,8.149065017700195,43.97551727294922,295.44158935546875,8.354743003845215,9.974929809570312
2020-02-04,8.541790962219238,44.1494026184082,299.9444885253906,8.523445129394531,10.179830551147461
2020-02-05,8.610519409179688,44.31459426879883,303.4083251953125,8.579678535461426,10.21806812286377
2020-02-06,8.492698669433594,44.25373840332031,304.4291687011719,8.61984634399414,10.161958694458008
2020-02-07,8.414154052734375,44.05376434326172,302.8067932128906,8.555578231811523,10.124553680419922
2020-02-10,8.639972686767578,44.17549133300781,305.0673522949219,8.539510726928711,10.066365242004395
2020-02-11,9.062151908874512,44.462398529052734,305.59600830078125,8.708213806152344,10.274175643920898
2020-02-12,9.32724380493164,44.349365234375,307.5648498535156,8.844780921936035,10.515653610229492
2020-02-13,9.140697479248047,44.436309814453125,307.2367248535156,8.764447212219238,10.462868690490723
2020-02-14,9.07197093963623,44.63628387451172,307.7289123535156,8.772479057312012,10.354806900024414
2020-02-18,9.101426124572754,45.036216735839844,306.9358825683594,8.71624755859375,10.282488822937012
2020-02-19,9.04251766204834,45.13185501098633,308.4034118652344,8.708213806152344,10.303271293640137
2020-02-20,8.905061721801758,44.91450119018555,307.1364440917969,8.61984634399414,10.265865325927734
2020-02-21,8.875608444213867,45.036216735839844,303.9734802246094,8.56361198425293,10.161958694458008
2020-02-24,8.728336334228516,44.262428283691406,293.89202880859375,8.258342742919922,9.84192943572998
2020-02-25,8.443610191345215,43.08870315551758,284.986572265625,8.13784122467041,9.56637191772461
2020-02-26,8.36506462097168,42.914825439453125,283.93829345703125,8.097673416137695,9.448336601257324
2020-02-27,8.158884048461914,41.4628791809082,271.1861877441406,7.840605735778809,9.257980346679688
2020-02-28,8.52215576171875,40.35871124267578,270.0467834472656,7.792405605316162,9.15449047088623
2020-03-02,8.453426361083984,41.6193733215332,281.741455078125,7.96914005279541,9.354406356811523
2020-03-03,8.512336730957031,41.375938415527344,273.67449951171875,8.001274108886719,9.399292945861816
2020-03-04,8.541790962219238,43.13217544555664,285.17791748046875,8.13784122467041,9.533123016357422
2020-03-05,8.639972686767578,42.45402908325195,275.6980895996094,8.0816068649292,9.358562469482422
2020-03-06,8.325791358947754,41.836727142333984,271.1405944824219,7.993239879608154,9.234292030334473
2020-03-09,7.0297956466674805,39.11543655395508,249.96595764160156,7.213998317718506,8.453751564025879
2020-03-10,7.294885635375977,39.75011444091797,262.900390625,7.527303218841553,8.731389045715332
2020-03-11,6.8923420906066895,37.73304748535156,250.08441162109375,7.22203254699707,8.244694709777832
2020-03-12,6.3228888511657715,34.02060317993164,226.1570587158203,6.458859443664551,7.536473751068115
2020-03-13,6.6076154708862305,35.02913284301758,245.4904327392578,6.619528293609619,7.760494709014893
2020-03-16,6.136343955993652,30.93414306640625,218.62791442871094,5.94472074508667,6.970812797546387
2020-03-17,6.430888652801514,33.43809127807617,230.43206787109375,6.2821245193481445,7.477871894836426
2020-03-18,5.399982452392578,30.873279571533203,218.76467895507812,5.695686340332031,6.890598773956299
2020-03-19,5.9301629066467285,30.708091735839844,219.22952270507812,5.872420787811279,7.013206481933594
2020-03-20,6.185434818267822,30.047330856323242,209.7820281982422,5.94472074508667,6.954603672027588
2020-03-23,6.097071647644043,29.630008697509766,204.4182891845703,5.767986297607422,6.770483493804932
2020-03-24,6.578160285949707,31.87312126159668,222.93917846679688,6.426725387573242,7.316610336303711
2020-03-25,6.313070297241211,32.49041748046875,226.2766571044922,6.555258750915527,7.652849197387695
2020-03-26,6.519251823425293,34.490089416503906,239.4888916015625,6.667727947235107,7.747194766998291
2020-03-27,6.794160842895508,34.116241455078125,232.35560607910156,6.571326732635498,7.735973834991455
2020-03-30,7.245795726776123,35.150856018066406,239.9014892578125,6.828396320343018,8.156997680664062
2020-03-31,7.501066207885742,34.333595275878906,236.32566833496094,6.997097492218018,8.185675621032715
2020-04-01,7.609066963195801,32.872962951660156,225.68983459472656,6.7480621337890625,8.254253387451172
2020-04-02,7.893792152404785,33.67283248901367,230.897705078125,6.9087300300598145,8.254253387451172
2020-04-03,8.394518852233887,32.968597412109375,227.56028747558594,7.069397449493408,8.645770072937012
2020-04-06,8.738152503967285,35.055213928222656,242.8446502685547,7.334499835968018,8.862308502197266
2020-04-07,8.855971336364746,35.20302200317383,243.0921630859375,7.4630351066589355,9.31201171875
2020-04-08,8.836335182189941,36.23763656616211,251.25245666503906,7.527303218841553,9.39846134185791
2020-04-09,9.101426124572754,37.698272705078125,255.0758514404297,7.6237030029296875,9.502782821655273
2020-04-13,9.062151908874512,37.15053176879883,252.74688720703125,7.760272026062012,9.376018524169922
2020-04-14,9.081789016723633,37.15053176879883,260.2011413574219,7.912905216217041,10.307426452636719
2020-04-15,9.248697280883789,37.97649002075195,254.6724090576172,7.977173805236816,10.311583518981934
2020-04-16,9.513787269592285,36.97664260864258,255.90098571777344,8.001274108886719,10.57342529296875
2020-04-17,9.562878608703613,36.97664260864258,262.8143005371094,8.121774673461914,10.864360809326172
2020-04-20,9.533425331115723,36.872318267822266,258.18414306640625,8.234243392944336,11.061365127563477
2020-04-21,9.258515357971191,36.04636001586914,250.34469604492188,8.178008079528809,10.764610290527344
2020-04-22,9.366515159606934,36.04636001586914,255.90098571777344,8.314577102661133,11.193117141723633
2020-04-23,9.65124225616455,36.7592887878418,255.88265991210938,8.419011116027832,11.429605484008789
2020-04-24,9.994877815246582,37.09836959838867,259.4493408203125,8.595746994018555,11.543903350830078
2020-04-27,9.837786674499512,37.4983024597168,263.190185546875,8.668045997619629,11.674823760986328
2020-04-28,9.985058784484863,37.672183990478516,261.9798583984375,8.651978492736816,11.53226375579834
2020-04-29,9.955604553222656,37.92431640625,268.838134765625,8.764447212219238,11.608325004577637
2020-04-30,9.778878211975098,37.046199798583984,266.33514404296875,8.700180053710938,11.367263793945312
2020-05-01,10.102876663208008,36.18547439575195,259.2843017578125,8.547545433044434,11.40259075164795
2020-05-04,10.682148933410645,36.385433197021484,259.9994812011719,8.820680618286133,11.787040710449219
2020-05-05,10.760693550109863,36.950565338134766,262.4017639160156,8.90101432800293,11.88679027557373
2020-05-06,10.426875114440918,36.25502395629883,260.6229553222656,8.692145347595215,11.75794792175293
2020-05-07,10.397421836853027,36.25502395629883,263.7678527832031,8.740347862243652,11.765429496765137
2020-05-08,10.544692993164062,37.054893493652344,268.1321716308594,8.89298152923584,11.940404891967773
2020-05-11,10.475966453552246,36.92448043823242,268.1872253417969,8.748380661010742,11.875983238220215
2020-05-12,10.456331253051758,36.73320770263672,262.8418273925781,8.643946647644043,11.600010871887207
2020-05-13,10.0734224319458,36.1680793762207,258.1932678222656,8.45917797088623,11.16360855102539
2020-05-14,9.611968994140625,36.21155548095703,261.2830505371094,8.266375541687012,10.95579719543457
2020-05-15,9.661059379577637,36.02028274536133,262.4842834472656,8.330641746520996,11.084224700927734
2020-05-18,9.621787071228027,37.437442779541016,270.4794006347656,8.547545433044434,11.512314796447754
2020-05-19,9.611968994140625,36.76798629760742,267.70135498046875,8.467209815979004,11.342326164245605
2020-05-20,9.886877059936523,37.06359100341797,272.2489013671875,8.579678535461426,11.463687896728516
2020-05-21,9.690515518188477,36.724510192871094,270.3694152832031,8.45917797088623,11.386381149291992
2020-05-22,9.769060134887695,36.82014846801758,270.8827819824219,8.523445129394531,11.342326164245605
2020-05-26,10.102876663208008,37.437442779541016,274.2203674316406,8.692145347595215,11.465764999389648
2020-05-27,10.446513175964355,38.080814361572266,278.30035400390625,8.868880271911621,11.702253341674805
2020-05-28,10.358148574829102,38.5850830078125,277.7869567871094,8.876914978027344,11.67108154296875
2020-05-29,10.672329902648926,38.6981086730957,279.02471923828125,8.997416496276855,11.822369575500488
2020-06-01,10.495601654052734,39.219764709472656,280.1524658203125,9.005449295043945,11.820291519165039
2020-06-02,10.642875671386719,39.31539535522461,282.4721374511719,9.061683654785156,11.87806224822998
2020-06-03,10.417057991027832,39.76750564575195,286.23138427734375,9.069717407226562,11.759194374084473
2020-06-04,10.093058586120605,39.13282012939453,285.4795227050781,8.965283393859863,11.59294605255127
2020-06-05,10.0734224319458,39.78488540649414,292.79632568359375,9.077751159667969,11.42544937133789
2020-06-08,10.240331649780273,40.671695709228516,296.3354187011719,9.21431827545166,11.65113353729248
2020-06-09,10.554512023925781,40.054412841796875,294.1257629394531,9.15005111694336,11.54930591583252
2020-06-10,10.259966850280762,39.732723236083984,292.4845886230469,9.125950813293457,11.458699226379395
2020-06-11,9.65124225616455,37.87215805053711,275.6230773925781,8.603778839111328,10.922547340393066
2020-06-12,10.014513969421387,38.20253372192383,278.9237976074219,8.780513763427734,11.048065185546875
2020-06-15,9.896695137023926,38.21123123168945,281.5278015136719,8.740347862243652,11.148229598999023
2020-06-16,9.955604553222656,38.341644287109375,286.94659423828125,8.836747169494629,11.132019996643066
2020-06-17,9.935967445373535,38.21992492675781,285.754638671875,8.78854751586914,11.120798110961914
2020-06-18,10.142149925231934,38.14167404174805,285.8647155761719,8.724279403686523,11.082977294921875
2020-06-19,10.122513771057129,37.54177474975586,284.2308349609375,8.668045997619629,11.04598617553711
2020-06-22,9.916333198547363,37.54177474975586,286.0544128417969,8.820680618286133,11.111239433288574
2020-06-23,9.886877059936523,37.42874526977539,287.37127685546875,8.804614067077637,11.055545806884766
2020-06-24,9.503969192504883,36.7158203125,280.0407409667969,8.71624755859375,10.903844833374023
2020-06-25,9.749423027038574,36.637569427490234,283.04302978515625,8.78854751586914,10.967018127441406
2020-06-26,9.700332641601562,36.220245361328125,276.3203430175781,8.668045997619629,10.806174278259277
2020-06-29,9.906512260437012,36.7940673828125,280.38153076171875,8.721844673156738,10.868515014648438
2020-06-30,10.063604354858398,36.967952728271484,283.97308349609375,8.844112396240234,11.159452438354492
2020-07-01,9.975240707397461,37.35919189453125,285.96221923828125,8.884868621826172,11.283722877502441
2020-07-02,9.935967445373535,37.58524703979492,287.5370178222656,8.925625801086426,11.367263793945312
2020-07-06,10.181421279907227,37.5765495300293,291.9757995605469,9.023442268371582,11.707242012023926
2020-07-07,10.59378433227539,37.15053176879883,288.9645080566406,9.080500602722168,11.72386646270752
2020-07-08,10.613421440124512,37.672183990478516,291.17462158203125,9.17016315460205,11.826108932495117
2020-07-09,10.417057991027832,37.107059478759766,289.5169677734375,9.056046485900879,11.699760437011719
2020-07-10,10.652693748474121,37.68088150024414,292.4731140136719,9.064196586608887,11.763351440429688
2020-07-13,10.456331253051758,37.689571380615234,289.9405517578125,8.982685089111328,11.53184986114502
2020-07-14,10.682148933410645,38.06342315673828,293.697998046875,9.129405975341797,11.587542533874512
2020-07-15,11.34978199005127,38.3938102722168,296.396240234375,9.382097244262695,11.950797080993652
2020-07-16,11.094510078430176,38.428585052490234,295.4200439453125,9.32503604888916,11.907570838928223
2020-07-17,11.654144287109375,39.19368362426758,296.2765197753906,9.569573402404785,12.295347213745117
2020-07-20,11.742506980895996,38.91546630859375,298.6708679199219,9.748902320861816,12.710138320922852
2020-07-21,11.467599868774414,38.79374694824219,299.3063659667969,9.724449157714844,12.718034744262695
2020-07-22,11.752326965332031,39.393646240234375,301.00994873046875,9.936382293701172,13.060922622680664
2020-07-23,11.781781196594238,39.21106719970703,297.41839599609375,9.863020896911621,13.17438793182373
2020-07-24,11.6934175491333,38.97632598876953,295.5029296875,9.84671688079834,13.13365650177002
2020-07-27,11.909416198730469,38.967628479003906,297.65789794921875,10.01789379119873,13.467400550842285
2020-07-28,11.7621431350708,39.03718566894531,295.77001953125,9.887474060058594,13.13365650177002
2020-07-29,10.328694343566895,38.99370574951172,299.4075927734375,9.585877418518066,12.647377967834473
2020-07-30,10.0734224319458,38.65463638305664,298.3393249511719,9.406549453735352,12.329428672790527
2020-07-31,9.975240707397461,38.57638931274414,300.6968688964844,9.382097244262695,12.587944984436035
2020-08-03,10.043966293334961,38.57638931274414,302.78741455078125,9.398398399353027,12.760843276977539
2020-08-04,10.259966850280762,38.91546630859375,303.95684814453125,9.561422348022461,12.90506362915039
2020-08-05,10.201058387756348,38.60247039794922,305.8447570800781,9.610330581665039,12.903400421142578
2020-08-06,10.122513771057129,38.70680236816406,307.8892517089844,9.545122146606445,12.738815307617188
2020-08-07,10.181421279907227,39.158905029296875,308.1102294921875,9.512516975402832,12.75959587097168
2020-08-10,10.142149925231934,39.158905029296875,309.03118896484375,9.512516975402832,12.73923110961914
2020-08-11,9.965422630310059,38.92416000366211,306.48028564453125,9.447306632995605,12.55594253540039
2020-08-12,10.269783973693848,39.61969757080078,310.7532958984375,9.659239768981934,12.844799995422363
2020-08-13,10.279603958129883,39.5936164855957,310.1914978027344,9.610330581665039,12.84646224975586
2020-08-14,10.240331649780273,39.31539535522461,310.2007141113281,9.59402847290039,12.767909049987793
2020-08-17,10.201058387756348,39.24584197998047,311.18609619140625,9.732600212097168,12.90506362915039
2020-08-18,10.201058387756348,38.985023498535156,311.85833740234375,9.675541877746582,13.07131290435791
2020-08-19,10.407238960266113,38.79374694824219,310.55987548828125,9.732600212097168,13.129500389099121
2020-08-20,10.760693550109863,38.45466995239258,311.5268249511719,9.773357391357422,13.304059982299805
2020-08-21,10.358148574829102,38.280784606933594,312.63201904296875,9.585877418518066,13.26956558227539
2020-08-24,10.446513175964355,38.715492248535156,315.79986572265625,9.667389869689941,13.283280372619629
2020-08-25,10.868692398071289,38.758968353271484,316.9049377441406,9.822264671325684,13.51602840423584
2020-08-26,10.947237014770508,38.45466995239258,320.0821533203125,9.895626068115234,13.69973373413086
2020-08-27,11.1239652633667,38.4633674621582,320.7820129394531,9.879322052001953,13.790339469909668
2020-08-28,11.4774169921875,38.80244064331055,322.8540954589844,10.132012367248535,14.181023597717285
2020-08-31,11.359600067138672,38.85459899902344,321.6844787597656,10.189070701599121,13.998149871826172
2020-09-01,11.339963912963867,38.5416145324707,324.71429443359375,10.213523864746094,14.193492889404297
2020-09-02,11.074873924255371,39.18498611450195,329.4110412597656,10.156466484069824,14.120758056640625
2020-09-03,10.682148933410645,38.5850830078125,318.0745849609375,9.830415725708008,13.561747550964355
2020-09-04,10.672329902648926,38.5850830078125,315.4775085449219,9.789658546447754,13.424592018127441
2020-09-08,10.358148574829102,38.01995086669922,306.85784912109375,9.48806381225586,12.930002212524414
2020-09-09,10.69196605682373,38.5416145324707,312.91741943359375,9.708147048950195,13.23548412322998
2020-09-10,10.505420684814453,38.01995086669922,307.4840393066406,9.585877418518066,12.979875564575195
2020-09-11,10.74105453491211,38.246009826660156,307.64056396484375,9.626633644104004,13.050531387329102
2020-09-14,11.074873924255371,38.889381408691406,311.6926574707031,9.789658546447754,13.445788383483887
2020-09-15,10.976693153381348,38.97632598876953,313.267333984375,9.830415725708008,13.320686340332031
2020-09-16,10.937419891357422,38.985023498535156,312.0241394042969,9.797809600830078,13.254185676574707
2020-09-17,10.66250991821289,38.86330032348633,309.2798156738281,9.667389869689941,13.174802780151367
2020-09-18,10.289421081542969,38.428585052490234,305.7191162109375,9.545122146606445,13.008970260620117
2020-09-21,10.259966850280762,37.98517608642578,302.316650390625,9.3331880569458,12.531004905700684
2020-09-22,10.456331253051758,38.33294677734375,305.3955993652344,9.365793228149414,12.51521110534668
2020-09-23,9.926149368286133,37.8026008605957,298.3132019042969,9.015290260314941,12.071742057800293
2020-09-24,9.886877059936523,37.941707611083984,299.1083068847656,9.056046485900879,12.029350280761719
2020-09-25,9.847604751586914,38.23731231689453,303.9439697265625,9.03159236907959,12.159854888916016
2020-09-28,9.926149368286133,38.44597625732422,308.9923095703125,9.080500602722168,12.178556442260742
2020-09-29,9.994877815246582,38.33294677734375,307.3094787597656,9.121254920959473,12.231756210327148
2020-09-30,9.916333198547363,38.750274658203125,309.6394958496094,9.072348594665527,12.127850532531738
2020-10-01,9.670878410339355,39.03718566894531,311.6273498535156,8.795206069946289,12.04638957977295
2020-10-02,9.572697639465332,39.332794189453125,308.6685791015625,8.852264404296875,11.826108932495117
2020-10-05,9.710150718688965,39.802276611328125,314.14227294921875,8.966382026672363,11.899258613586426
2020-10-06,9.435242652893066,39.715335845947266,309.6764221191406,8.827811241149902,11.812394142150879
2020-10-07,9.582513809204102,40.08919143676758,315.0669250488281,8.966382026672363,12.053038597106934
2020-10-08,9.513787269592285,40.59346008300781,317.8591613769531,8.94192886352539,12.006489753723145
2020-10-09,9.553060531616211,40.610843658447266,320.6976623535156,8.990836143493652,11.911726951599121
2020-10-12,9.454878807067871,40.671695709228516,325.85699462890625,8.990836143493652,11.885542869567871
2020-10-13,9.26833438873291,40.44565200805664,323.73040771484375,8.860416412353516,11.746310234069824
2020-10-14,9.32724380493164,40.549983978271484,321.6961975097656,8.819660186767578,11.699760437011719
2020-10-15,9.179969787597656,40.35871124267578,321.2987060546875,8.754448890686035,11.429605484008789
2020-10-16,9.091608047485352,40.68040084838867,321.1044921875,8.721844673156738,11.44290542602539
2020-10-19,9.209425926208496,40.68040084838867,316.22265625,8.86856746673584,11.4462308883667
2020-10-20,9.46469783782959,40.85428237915039,317.4893493652344,9.064196586608887,11.766260147094727
2020-10-21,9.484333038330078,40.923831939697266,316.8883361816406,9.129405975341797,11.78995132446289
2020-10-22,9.621787071228027,41.019474029541016,318.6265869140625,9.129405975341797,11.762104034423828
2020-10-23,9.562878608703613,41.097721099853516,319.7083435058594,9.088651657104492,11.676486015319824
2020-10-26,9.415605545043945,40.74125289916992,313.8002014160156,8.966382026672363,11.516885757446289
2020-10-27,9.415605545043945,40.5673713684082,312.7184143066406,8.835962295532227,11.429605484008789
2020-10-28,9.219242095947266,39.35017776489258,302.0299377441406,8.60772705078125,11.005671501159668
2020-10-29,9.395970344543457,39.61969757080078,305.0997009277344,8.713692665100098,11.196441650390625
2020-10-30,9.337061882019043,39.306705474853516,301.91900634765625,8.811508178710938,11.304088592529297
2020-11-02,9.376333236694336,39.97616195678711,305.30316162109375,8.852264404296875,11.228860855102539
2020-11-03,9.543241500854492,40.7673454284668,310.6934814453125,8.990836143493652,11.317387580871582
2020-11-04,8.905061721801758,40.46303939819336,317.63726806640625,8.76259994506836,11.242576599121094
2020-11-05,9.081789016723633,40.88905715942383,323.8320617675781,9.015290260314941,11.490286827087402
2020-11-06,9.150516510009766,40.93253707885742,323.7581787109375,9.088651657104492,11.616636276245117
2020-11-09,9.346879005432129,41.65415573120117,327.8263244628906,9.235372543334961,11.670666694641113
2020-11-10,9.46469783782959,42.04539108276367,327.34552001953125,9.3331880569458,11.845227241516113
2020-11-11,9.945786476135254,42.480106353759766,329.7773132324219,9.536969184875488,12.162347793579102
2020-11-12,9.445059776306152,41.73240280151367,326.5780944824219,9.300583839416504,11.961603164672852
2020-11-13,9.46469783782959,42.2801399230957,331.0994873046875,9.349491119384766,11.986539840698242
2020-11-16,9.395970344543457,42.52357864379883,335.2324523925781,9.341339111328125,11.94913387298584
2020-11-17,9.46469783782959,42.401859283447266,333.42950439453125,9.341339111328125,11.901337623596191
2020-11-18,9.503969192504883,42.1671142578125,329.4167175292969,9.32503604888916,11.88679027557373
2020-11-19,9.690515518188477,42.062782287597656,330.80364990234375,9.300583839416504,11.875569343566895
2020-11-20,9.769060134887695,42.21928405761719,328.538330078125,9.316886901855469,11.866009712219238
2020-11-23,9.739604949951172,42.401859283447266,330.5077209472656,9.373946189880371,11.994853019714355
2020-11-24,10.151968002319336,42.99306869506836,335.8334045410156,9.659239768981934,12.385536193847656
2020-11-25,9.965422630310059,42.77571105957031,335.3156433105469,9.748902320861816,12.634910583496094
2020-11-27,10.005921363830566,42.85396194458008,336.24951171875,9.724449157714844,12.452035903930664
2020-11-30,9.89726734161377,41.99322509765625,334.7608642578125,9.642936706542969,12.377224922180176
2020-12-01,9.798492431640625,42.21928405761719,338.4222717285156,9.667389869689941,12.580879211425781
2020-12-02,10.065185546875,42.38446807861328,339.1342468261719,9.928231239318848,12.954938888549805
2020-12-03,9.966409683227539,42.10625457763672,339.041748046875,10.074952125549316,13.125344276428223
2020-12-04,10.934406280517578,42.245361328125,341.9635314941406,10.79226303100586,13.910871505737305
2020-12-07,12.001177787780762,42.35839080810547,341.26080322265625,11.419909477233887,15.369701385498047
2020-12-08,12.001177787780762,42.175804138183594,342.2593994140625,11.207975387573242,15.311100959777832
2020-12-09,11.418405532836914,42.00192642211914,339.189697265625,10.865625381469727,14.624908447265625
2020-12-10,12.307382583618164,42.427940368652344,339.0787048339844,11.395455360412598,15.373859405517578
2020-12-11,13.16672420501709,42.471412658691406,338.68109130859375,11.697053909301758,15.905856132507324
2020-12-14,13.117337226867676,42.38446807861328,337.164794921875,11.98234748840332,16.87841033935547
2020-12-15,13.769251823425293,43.071319580078125,341.72314453125,12.267641067504883,17.05297088623047
2020-12-16,13.3247652053833,42.79309844970703,342.2593994140625,12.169825553894043,17.161033630371094
2020-12-17,12.969173431396484,43.34083557128906,344.1732482910156,12.072010040283203,17.161033630371094
2020-12-18,13.186480522155762,43.488643646240234,342.799072265625,12.202431678771973,17.063779830932617
2020-12-21,13.077826499938965,42.73841094970703,341.5733337402344,12.031255722045898,16.782817840576172
2020-12-22,12.988929748535156,42.667293548583984,340.9977722167969,11.98234748840332,16.853473663330078
2020-12-23,13.39390754699707,43.049522399902344,341.30413818359375,12.357303619384766,17.41456413269043
2020-12-24,13.364274978637695,43.031742095947266,342.6318664550781,12.373607635498047,17.69302749633789
2020-12-28,13.482804298400879,43.37841796875,345.575439453125,12.626296043395996,18.32196807861328
2020-12-29,13.334641456604004,43.280635833740234,344.91607666015625,12.561086654663086,18.34330177307129
2020-12-30,13.225990295410156,43.66286849975586,345.40826416015625,12.629196166992188,18.58651351928711
2020-12-31,13.23586654663086,43.7250862121582,347.16326904296875,12.579959869384766,18.304901123046875
2021-01-04,13.225990295410156,43.36064147949219,342.4368591308594,12.711256980895996,18.41157341003418
2021-01-05,14.391535758972168,43.80508804321289,344.79541015625,13.48263168334961,19.53376007080078
2021-01-06,14.24337387084961,44.58732604980469,346.8567199707031,13.392365455627441,19.98604965209961
2021-01-07,14.500188827514648,44.33843231201172,352.01025390625,13.876524925231934,20.536476135253906
2021-01-08,14.134720802307129,44.445098876953125,354.0158386230469,13.458012580871582,19.81964111328125
2021-01-11,14.016190528869629,43.94731521606445,351.62945556640625,13.252859115600586,19.328950881958008
2021-01-12,13.601335525512695,44.23176574707031,351.7037658691406,12.842554092407227,18.487947463989258
2021-01-13,13.51243782043457,44.1695442199707,352.6508483886719,13.088738441467285,18.979917526245117
2021-01-14,13.670478820800781,44.23176574707031,351.4159240722656,13.359539985656738,19.69163703918457
2021-01-15,12.801257133483887,44.000648498535156,348.85321044921875,12.801525115966797,19.10451316833496
2021-01-19,12.761748313903809,44.08953857421875,351.59234619140625,12.694846153259277,18.63344955444336
2021-01-20,12.475298881530762,44.33843231201172,356.4579162597656,12.850762367248535,18.98418617248535
2021-01-21,12.2579927444458,44.09843063354492,356.7828674316406,12.637402534484863,18.829727172851562
2021-01-22,12.218482971191406,44.2584342956543,355.5201721191406,12.39942455291748,18.34756851196289
2021-01-25,12.574073791503906,44.33843231201172,356.9222106933594,12.53072452545166,18.667583465576172
2021-01-26,12.781501770019531,44.69399642944336,356.36505126953125,12.809730529785156,18.863861083984375
2021-01-27,12.465421676635742,43.39619827270508,347.6553039550781,12.16965389251709,18.00238037109375
2021-01-28,12.633338928222656,43.97398376464844,350.6452941894531,12.17785930633545,17.875226974487305
2021-01-29,12.267870903015137,43.06730270385742,343.6254577636719,11.915266990661621,17.468164443969727
2021-02-01,14.450801849365234,43.600643157958984,349.3452453613281,13.129768371582031,18.98418617248535
2021-02-02,13.502559661865234,43.66286849975586,354.2850341796875,12.957441329956055,19.21673011779785
2021-02-03,13.502559661865234,43.82286834716797,354.56365966796875,13.031294822692871,19.456954956054688
2021-02-04,13.285255432128906,44.080650329589844,358.5935974121094,12.908203125,19.222278594970703
2021-02-05,13.828518867492676,44.542877197265625,360.0049133300781,13.375951766967773,20.15672492980957
2021-02-08,14.57921028137207,44.88066864013672,362.6048583984375,13.999614715576172,21.32158088684082
2021-02-09,14.954554557800293,44.96955490112305,362.36346435546875,14.098088264465332,21.765336990356445
2021-02-10,16.238630294799805,45.29844665527344,362.20556640625,14.450952529907227,22.230424880981445
2021-02-11,15.468185424804688,45.209556579589844,362.7906188964844,14.541219711303711,22.40110206604004
2021-02-12,15.576838493347168,45.01399612426758,364.5826110839844,14.623281478881836,22.614444732666016
2021-02-16,16.732507705688477,44.91621398925781,364.2669677734375,15.722898483276367,25.0892333984375
2021-02-17,16.554710388183594,44.81843948364258,364.3505554199219,15.7064847946167,25.660993576049805
2021-02-18,15.78426456451416,44.56954574584961,362.7998352050781,14.71354866027832,23.672630310058594
2021-02-19,16.396671295166016,44.3562126159668,362.1591491699219,15.197707176208496,24.491870880126953
2021-02-22,16.120100021362305,43.965091705322266,359.37359619140625,15.173089981079102,24.508939743041992
2021-02-23,15.823776245117188,44.00953674316406,359.8099060058594,14.976141929626465,23.830503463745117
2021-02-24,15.96205997467041,43.84064483642578,363.7747802734375,15.0828218460083,23.945711135864258
2021-02-25,16.208999633789062,43.07619094848633,355.0093078613281,15.05820369720459,23.92437744140625
2021-02-26,15.468185424804688,42.33840560913086,353.1801452636719,14.360685348510742,22.797922134399414
2021-03-01,15.813898086547852,43.07619094848633,361.7412414550781,14.754576683044434,23.352615356445312
2021-03-02,17.0584659576416,43.30730438232422,358.9186096191406,15.52595043182373,24.5302734375
2021-03-03,17.157241821289062,43.0850830078125,354.1644592285156,15.517746925354004,24.803354263305664
2021-03-04,16.070714950561523,42.64952087402344,349.7817077636719,14.5166015625,23.096601486206055
2021-03-05,15.606471061706543,43.16508483886719,356.2164001464844,14.664310455322266,22.806453704833984
2021-03-08,15.24100399017334,43.53841781616211,354.4429931640625,14.28683090209961,22.358434677124023
2021-03-09,15.557083129882812,44.382877349853516,359.5035400390625,14.58224868774414,23.186206817626953
2021-03-10,15.902796745300293,44.542877197265625,361.7412414550781,14.565834999084473,22.8085880279541
2021-03-11,16.30777359008789,45.13844299316406,365.4090270996094,15.091028213500977,23.762235641479492
2021-03-12,17.028831481933594,45.609561920166016,365.901123046875,15.534158706665039,24.321195602416992
2021-03-15,18.391929626464844,46.542911529541016,368.0832214355469,16.248088836669922,25.65673065185547
2021-03-16,18.470949172973633,46.84513854980469,367.6189880371094,16.551715850830078,26.740514755249023
2021-03-17,19.043846130371094,46.738468170166016,368.8725280761719,16.68301010131836,26.663711547851562
2021-03-18,17.611604690551758,46.04512405395508,363.5055847167969,16.149616241455078,25.917009353637695
2021-03-19,17.55234146118164,46.32957077026367,362.83294677734375,15.95267105102539,25.648195266723633
2021-03-22,17.384424209594727,46.222904205322266,365.7301940917969,15.95267105102539,25.49885368347168
2021-03-23,16.56458854675293,45.90290069580078,362.8515625,15.271566390991211,24.23159408569336
2021-03-24,16.56458854675293,45.920677185058594,361.00701904296875,15.205915451049805,24.14198875427246
2021-03-25,16.534955978393555,46.61402130126953,363.03790283203125,15.107439041137695,23.856107711791992
2021-03-26,16.446056365966797,46.82735824584961,368.88818359375,15.550569534301758,24.5345401763916
2021-03-29,16.297895431518555,46.8095817565918,368.7019348144531,15.43568229675293,24.35533332824707
2021-03-30,15.85340690612793,46.32957077026367,367.7237243652344,15.271566390991211,23.967044830322266
2021-03-31,16.40654945373535,46.59624099731445,369.2142333984375,15.452095985412598,23.651296615600586
2021-04-01,17.03870964050293,46.67624282836914,373.20135498046875,16.092172622680664,25.144702911376953
2021-04-05,18.10548210144043,47.414031982421875,378.5580139160156,16.86354637145996,26.872787475585938
2021-04-06,17.5325870513916,47.08513641357422,378.33447265625,16.73225212097168,26.43756866455078
2021-04-07,17.107851028442383,47.342918395996094,378.7723083496094,16.43682861328125,26.02794647216797
2021-04-08,17.42392921447754,47.39625549316406,380.57025146484375,16.73225212097168,26.44610023498535
2021-04-09,16.99920082092285,47.33403396606445,383.3370361328125,16.518892288208008,26.134618759155273
2021-04-12,16.54483413696289,47.2095832824707,383.4768371582031,15.903430938720703,24.91855812072754
2021-04-13,16.5843448638916,47.43181228637695,384.6133117675781,15.772134780883789,24.55587387084961
2021-04-14,16.357158660888672,47.378475189208984,383.2998046875,15.714691162109375,24.397998809814453
2021-04-15,16.38679313659668,47.52958679199219,387.41741943359375,15.85419750213623,24.470537185668945
2021-04-16,16.208999633789062,47.72514724731445,388.7122802734375,15.887019157409668,24.31266212463379
2021-04-19,16.01144790649414,47.378475189208984,386.8026123046875,15.714691162109375,23.817705154418945
2021-04-20,15.78426456451416,47.467369079589844,383.9705810546875,15.493127822875977,23.40381622314453
2021-04-21,16.278141021728516,47.547367095947266,387.60382080078125,15.7064847946167,23.894508361816406
2021-04-22,15.922552108764648,47.24514389038086,384.06365966796875,15.402861595153809,23.29714584350586
2021-04-23,16.208999633789062,47.42292022705078,388.2279052734375,15.632630348205566,23.6939640045166
2021-04-26,16.268264770507812,47.23624801635742,389.0383605957031,15.75572395324707,24.031047821044922
2021-04-27,16.554710388183594,47.30736541748047,388.95458984375,15.878812789916992,24.060916900634766
2021-04-28,17.0584659576416,47.47625732421875,388.8427734375,16.256296157836914,25.029497146606445
2021-04-29,16.831283569335938,47.71626281738281,391.3207702636719,16.1988525390625,25.106300354003906
2021-04-30,16.60409927368164,47.565147399902344,388.7495422363281,16.092172622680664,25.174571990966797
2021-05-03,18.273399353027344,48.23181915283203,389.58807373046875,16.962018966674805,26.723447799682617
2021-05-04,17.957319259643555,47.9918212890625,387.1845703125,16.789691925048828,26.595441818237305
2021-05-05,18.69813346862793,47.902931213378906,387.3056335449219,17.45438575744629,27.73896598815918
2021-05-06,17.937564849853516,48.27627182006836,390.3984680175781,17.49541473388672,28.14004898071289
2021-05-07,19.834047317504883,49.058502197265625,393.2398376464844,18.225757598876953,29.257972717285156
2021-05-10,19.409311294555664,48.91627502441406,389.3457946777344,18.12728500366211,28.792882919311523
2021-05-11,19.399433135986328,48.542938232421875,385.8709716796875,17.856487274169922,28.29792594909668
2021-05-12,19.014211654663086,47.280696868896484,377.673095703125,17.21640968322754,27.427480697631836
2021-05-13,18.46107292175293,47.9918212890625,382.2098388671875,16.871749877929688,26.360761642456055
2021-05-14,19.419191360473633,48.605159759521484,388.078857421875,17.41335678100586,27.62802505493164
2021-05-17,20.100738525390625,48.58738327026367,387.09130859375,17.741600036621094,28.246721267700195
2021-05-18,19.774782180786133,48.71183395385742,383.7563171386719,18.012401580810547,28.677677154541016
2021-05-19,19.0635986328125,48.1340446472168,382.75018310546875,17.577476501464844,27.948040008544922
2021-05-20,19.429067611694336,48.542938232421875,386.8677673339844,17.79083824157715,28.20405387878418
2021-05-21,19.231515884399414,48.578495025634766,386.55108642578125,17.520036697387695,27.75176239013672
2021-05-24,19.014211654663086,48.77405548095703,390.49163818359375,17.42156219482422,27.717628479003906
2021-05-25,19.053722381591797,48.15182113647461,389.6252746582031,17.249231338500977,27.103200912475586
2021-05-26,19.419191360473633,48.30293273925781,390.3984680175781,17.536447525024414,27.581087112426758
2021-05-27,20.318042755126953,48.28515625,390.6034240722656,18.053434371948242,28.400327682495117
2021-05-28,19.725391387939453,48.409603118896484,391.3021240234375,17.954959869384766,28.293655395507812
2021-06-01,20.881061553955078,48.578495025634766,390.9573974609375,18.701717376708984,29.398778915405273
2021-06-02,20.861309051513672,48.74739074707031,391.5722351074219,18.890453338623047,29.522520065307617
2021-06-03,20.723020553588867,48.605159759521484,390.1190185546875,18.570415496826172,29.151296615600586
2021-06-04,21.157630920410156,48.889610290527344,393.68701171875,19.120227813720703,29.79559898376465
2021-06-07,21.32554817199707,49.13850021362305,393.3050537109375,19.391027450561523,30.222286224365234
2021-06-08,21.276165008544922,49.01405334472656,393.3888244628906,19.185876846313477,29.893735885620117
2021-06-09,21.088491439819336,49.20072555541992,392.8019714355469,19.054576873779297,29.569456100463867
2021-06-10,21.36505889892578,49.32517623901367,394.6278076171875,19.251523971557617,30.013208389282227
2021-06-11,21.137876510620117,49.4673957824707,395.2799987792969,19.259727478027344,30.145483016967773
2021-06-14,19.02408790588379,49.129615783691406,396.16497802734375,18.004192352294922,28.39179801940918
2021-06-15,19.932819366455078,49.26294708251953,395.4383850097656,18.488357543945312,28.690473556518555
2021-06-16,20.031597137451172,48.68516540527344,393.23046875,18.381677627563477,28.647808074951172
2021-06-17,19.0635986328125,48.27627182006836,393.10003662109375,17.64312744140625,27.265342712402344
2021-06-18,18.589481353759766,47.24514389038086,387.7969665527344,17.13434600830078,26.454635620117188
2021-06-21,19.241395950317383,47.59181213378906,393.3486328125,17.3312931060791,26.578372955322266
2021-06-22,19.557476043701172,47.44959259033203,395.4516296386719,17.6595401763916,26.565570831298828
2021-06-23,19.458702087402344,46.951805114746094,394.9749755859375,17.561065673828125,26.770383834838867
2021-06-24,19.78466033935547,47.13847351074219,397.31158447265625,18.012401580810547,27.62802505493164
2021-06-25,19.70564079284668,47.387367248535156,398.7227783203125,18.12728500366211,27.48721694946289
2021-06-28,19.014211654663086,47.39625549316406,399.5266418457031,17.8072509765625,26.753314971923828
2021-06-29,18.905559539794922,46.774024963378906,399.7415771484375,17.318424224853516,26.091949462890625
2021-06-30,18.945068359375,46.61402130126953,400.07806396484375,17.417011260986328,26.68077850341797
2021-07-01,19.142620086669922,47.01403045654297,402.2931823730469,17.523813247680664,26.91972541809082
2021-07-02,18.915437698364258,47.23624801635742,405.3680725097656,17.532026290893555,26.723447799682617
2021-07-06,18.510459899902344,46.88957977294922,404.62969970703125,17.104820251464844,26.12181854248047
2021-07-07,18.530216217041016,46.88957977294922,406.05975341796875,16.98980140686035,25.614059448242188
2021-07-08,17.86842155456543,46.382904052734375,402.7510986328125,16.546157836914062,24.87588882446289
2021-07-09,18.10548210144043,46.9073600769043,407.0503234863281,16.776195526123047,25.272708892822266
2021-07-12,17.809154510498047,46.85401916503906,408.5083923339844,16.685823440551758,24.948427200317383
2021-07-13,17.5325870513916,46.320682525634766,407.1157531738281,16.472217559814453,24.662546157836914
2021-07-14,17.29552459716797,46.631797790527344,407.7232360839844,16.46400260925293,24.33826446533203
2021-07-15,17.167116165161133,46.75624465942383,406.3307189941406,16.496864318847656,24.15052032470703
2021-07-16,16.623851776123047,46.738468170166016,403.1436462402344,15.954641342163086,23.553157806396484
2021-07-19,16.248510360717773,45.66289520263672,397.19000244140625,15.371332168579102,22.465105056762695
2021-07-20,16.534955978393555,46.17845916748047,402.8819580078125,15.55207633972168,23.181941986083984
2021-07-21,17.078222274780273,46.30290603637695,406.143798828125,16.143596649169922,24.308395385742188
2021-07-22,17.0584659576416,46.26734924316406,406.99432373046875,16.110733032226562,24.449201583862305
2021-07-23,16.87079429626465,46.5162467956543,411.18145751953125,15.921773910522461,24.304128646850586
2021-07-26,17.157241821289062,46.249568939208984,412.1908264160156,16.069656372070312,24.466270446777344
2021-07-27,16.831283569335938,46.52513122558594,410.3122253417969,15.905344009399414,24.103586196899414
2021-07-28,17.463443756103516,46.81846618652344,410.1439208984375,16.603666305541992,25.05510139465332
2021-07-29,17.828908920288086,46.88957977294922,411.844970703125,16.751550674438477,25.579925537109375
2021-07-30,17.581972122192383,46.13401794433594,409.8449401855469,16.43935775756836,25.264175415039062
2021-08-02,17.21650505065918,46.49846267700195,408.9850769042969,16.258617401123047,25.170303344726562
2021-08-03,17.11773109436035,46.649574279785156,412.3123474121094,16.192890167236328,24.837486267089844
2021-08-04,16.663368225097656,46.07179641723633,410.2841796875,15.782110214233398,24.235858917236328
2021-08-05,16.781892776489258,46.35624313354492,412.8824768066406,15.93820858001709,24.368133544921875
2021-08-06,17.03870964050293,46.46290588378906,413.5647277832031,15.93820858001709,24.240127563476562
2021-08-09,16.801651000976562,46.49846267700195,413.2283020019531,15.65066146850586,23.770769119262695
2021-08-10,17.364667892456055,46.78291320800781,413.7424011230469,16.020360946655273,24.36386489868164
2021-08-11,17.19675064086914,47.182918548583984,414.7703552246094,16.028579711914062,24.372400283813477
2021-08-12,16.979446411132812,46.987361907958984,416.0134582519531,15.93820858001709,24.129186630249023
2021-08-13,16.554710388183594,47.12958908081055,416.7705383300781,15.58493709564209,23.565959930419922
2021-08-16,16.258386611938477,47.16514587402344,417.7518615722656,15.198806762695312,22.913127899169922
2021-08-17,15.873163223266602,46.9162483215332,415.0134582519531,14.878397941589355,22.281627655029297
2021-08-18,15.863286018371582,46.871803283691406,410.4711608886719,14.960555076599121,22.422435760498047
2021-08-19,15.438552856445312,46.58735275268555,411.106689453125,14.410114288330078,21.697065353393555
2021-08-20,15.912673950195312,47.32514572143555,414.3778381347656,14.631930351257324,21.918943405151367
2021-08-23,16.613975524902344,47.609588623046875,418.02294921875,15.412409782409668,23.450754165649414
2021-08-24,16.92017936706543,47.61848068237305,418.6865539550781,15.708173751831055,24.02251434326172
2021-08-25,16.979446411132812,47.645145416259766,419.5650329589844,15.856053352355957,24.23159408569336
2021-08-26,16.890546798706055,47.32514572143555,417.0882873535156,15.642448425292969,23.94997787475586
2021-08-27,17.581972122192383,47.57403564453125,420.8175354003906,16.283260345458984,24.922826766967773
2021-08-30,17.67087173461914,47.70736312866211,422.6680603027344,16.62831687927246,25.558591842651367
2021-08-31,18.293155670166016,47.8495979309082,422.0418701171875,17.21162223815918,26.783184051513672
2021-09-01,18.925315856933594,48.382930755615234,422.26617431640625,17.712770462036133,27.717628479003906
2021-09-02,20.46620750427246,48.94294738769531,423.5652770996094,18.846519470214844,30.230819702148438
2021-09-03,21.32554817199707,49.0673942565918,423.46246337890625,19.659860610961914,31.980234146118164
2021-09-07,22.579992294311523,48.7829475402832,421.94842529296875,20.48141860961914,33.37977600097656
2021-09-08,22.570117950439453,49.022945404052734,421.43438720703125,20.259597778320312,33.13656234741211
2021-09-09,22.668893814086914,49.26294708251953,419.6305236816406,19.996700286865234,32.60747146606445
2021-09-10,24.13076400756836,49.20072555541992,416.3218994140625,21.639814376831055,36.14471435546875
2021-09-13,24.160396575927734,49.76962661743164,417.38739013671875,22.321706771850586,39.0717887878418
2021-09-14,24.022111892700195,49.36962127685547,415.1348876953125,22.12453269958496,38.12881088256836
2021-09-15,24.42708969116211,49.707401275634766,418.6024169921875,23.562257766723633,41.973262786865234
2021-09-16,23.73566436767578,49.405174255371094,417.9388122558594,22.78177833557129,40.77427291870117
2021-09-17,22.184892654418945,48.49848937988281,413.8677062988281,20.998998641967773,36.82741165161133
2021-09-20,21.04897689819336,47.636260986328125,406.9667663574219,19.61878204345703,33.98567199707031
2021-09-21,20.821796417236328,47.831817626953125,406.58233642578125,20.037776947021484,35.137725830078125
2021-09-22,20.752656936645508,47.894039154052734,410.54840087890625,20.095287322998047,35.10786056518555
2021-09-23,21.02922821044922,48.09849166870117,415.53662109375,20.202089309692383,34.71530532836914
2021-09-24,19.824169158935547,47.414031982421875,416.2211608886719,18.977970123291016,32.2789192199707
2021-09-27,20.693391799926758,47.8495979309082,415.03033447265625,20.013132095336914,34.164878845214844
2021-09-28,20.723020553588867,47.2095832824707,406.666748046875,19.454471588134766,33.034156799316406
2021-09-29,20.32792091369629,47.42292022705078,407.3511962890625,19.16692543029785,32.40266036987305
2021-09-30,21.463834762573242,47.120689392089844,402.3723449707031,19.544845581054688,32.79094696044922
2021-10-01,21.839181900024414,47.645145416259766,407.15423583984375,19.947406768798828,33.648590087890625
2021-10-04,21.582366943359375,48.22293472290039,401.90362548828125,19.799524307250977,33.56325149536133
2021-10-05,21.710771560668945,48.72072219848633,406.0853271484375,20.021345138549805,33.921669006347656
2021-10-06,21.404571533203125,48.88072204589844,407.7731018066406,19.331239700317383,32.50933074951172
2021-10-07,22.13550567626953,48.84516906738281,411.2985534667969,20.078857421875,33.50351333618164
2021-10-08,21.04897689819336,48.1873779296875,410.54840087890625,19.39695930480957,32.38132858276367
2021-10-11,21.26628875732422,47.87626266479492,407.5762023925781,19.807741165161133,33.115234375
2021-10-12,24.19002914428711,48.73849868774414,406.57293701171875,22.116315841674805,37.5911865234375
2021-10-13,25.325942993164062,49.55628967285156,408.0356750488281,23.62798309326172,40.59079360961914
2021-10-14,24.98023223876953,49.73406982421875,414.8990478515625,22.946090698242188,39.13579177856445
2021-10-15,24.683902740478516,49.49406433105469,418.0588684082031,22.609251022338867,38.632301330566406
2021-10-18,26.145774841308594,49.600730895996094,419.2965087890625,23.677276611328125,40.761470794677734
2021-10-19,26.2939395904541,50.0451774597168,422.5313720703125,23.82515525817871,40.927879333496094
2021-10-20,26.540878295898438,50.6851921081543,424.1908874511719,24.326305389404297,42.00740051269531
2021-10-21,25.701290130615234,50.52519226074219,425.2973327636719,23.496532440185547,40.505462646484375
2021-10-22,25.612390518188477,50.52519226074219,424.85662841796875,23.266494750976562,40.14277267456055
2021-10-25,26.1754093170166,50.631858825683594,427.13507080078125,23.775863647460938,40.710269927978516
2021-10-26,26.501367568969727,50.55185317993164,427.51953125,23.78407859802246,40.403053283691406
2021-10-27,25.138273239135742,49.956295013427734,425.6254577636719,22.502445220947266,38.16294479370117
2021-10-28,25.15802574157715,49.902957916259766,429.7322692871094,22.543527603149414,38.35495376586914
2021-10-29,24.002355575561523,49.307395935058594,430.60430908203125,22.0670223236084,37.40770721435547
2021-11-01,24.832069396972656,49.73406982421875,431.344970703125,22.73248291015625,38.49148941040039
2021-11-02,24.762924194335938,49.49406433105469,433.0889587402344,22.658544540405273,38.10747146606445
2021-11-03,26.856958389282227,50.382965087890625,435.73309326171875,24.260581970214844,41.31189727783203
2021-11-04,26.817447662353516,50.29408264160156,437.7864685058594,24.293441772460938,41.52096939086914
2021-11-05,26.659408569335938,50.3918571472168,439.3054504394531,23.874448776245117,40.83400344848633
2021-11-08,27.74593162536621,50.50741195678711,439.6803894042969,25.32860565185547,43.33013153076172
2021-11-09,27.38046646118164,50.71186065673828,438.22723388671875,25.369680404663086,43.633079528808594
2021-11-10,26.037126541137695,50.19629669189453,434.7016906738281,23.96481704711914,41.25216293334961
2021-11-11,27.212547302246094,50.24074172973633,434.8423156738281,24.811023712158203,42.83090591430664
2021-11-12,27.232303619384766,50.03629684448242,438.1240234375,24.761730194091797,42.47675704956055
2021-11-15,26.79768943786621,50.214073181152344,438.2740173339844,24.235933303833008,41.61911392211914
2021-11-16,25.99761390686035,49.93851852416992,440.0086364746094,23.33222198486328,39.80569076538086
2021-11-17,25.859331130981445,49.73406982421875,438.93975830078125,23.15969467163086,39.502742767333984
2021-11-18,26.31369400024414,49.59183883666992,440.4305725097656,23.46367073059082,40.22811508178711
2021-11-19,24.98023223876953,49.058502197265625,439.64300537109375,22.379215240478516,38.10747146606445
2021-11-22,24.35794448852539,48.94294738769531,438.4053039550781,21.459070205688477,36.12764358520508
2021-11-23,25.148147583007812,49.4140625,438.9866638183594,22.469585418701172,38.167205810546875
2021-11-24,24.930843353271484,49.5651741027832,440.15869140625,22.379215240478516,38.235477447509766
2021-11-26,23.785051345825195,48.52516174316406,430.34173583984375,21.27832794189453,36.345252990722656
2021-11-29,24.738750457763672,49.09405517578125,435.6206359863281,21.689104080200195,37.10475540161133
2021-11-30,22.95613670349121,47.858482360839844,427.1444396972656,20.57179069519043,35.167598724365234
2021-12-01,22.19356918334961,47.50292205810547,422.4000549316406,20.004915237426758,33.84486770629883
2021-12-02,22.89671516418457,48.16959762573242,428.8697509765625,20.621082305908203,34.66836929321289
2021-12-03,21.738014221191406,47.87626266479492,425.1379089355469,19.709156036376953,33.05976104736328
2021-12-06,21.896469116210938,48.640716552734375,430.1730651855469,19.544845581054688,33.02989196777344
2021-12-07,23.164106369018555,49.34294509887695,439.0710754394531,21.007213592529297,35.27000045776367
2021-12-08,23.025461196899414,49.44072723388672,440.2336730957031,20.93327522277832,35.252933502197266
2021-12-09,22.37183380126953,49.182952880859375,437.2614440917969,20.300676345825195,34.07101058959961
2021-12-10,21.738014221191406,48.93405532836914,441.3775634765625,19.865249633789062,32.96162033081055
2021-12-13,21.213132858276367,48.80961227416992,437.4676208496094,19.25729751586914,31.826631546020508
2021-12-14,20.965545654296875,48.39182662963867,434.45794677734375,18.912242889404297,31.015928268432617
2021-12-15,21.93608283996582,49.39628601074219,441.2462463378906,19.96383285522461,33.23896789550781
2021-12-16,21.520137786865234,49.09405517578125,437.355224609375,19.594139099121094,32.50506591796875
2021-12-17,20.945741653442383,48.516273498535156,432.7004699707031,19.27372932434082,31.882102966308594
2021-12-20,20.56941032409668,48.2269287109375,428.0993957519531,18.89581298828125,31.254867553710938
2021-12-21,22.035118103027344,48.89813232421875,435.7019958496094,20.0542049407959,33.36270523071289
2021-12-22,21.975696563720703,49.07954406738281,440.0584716796875,19.824172973632812,32.79521179199219
2021-12-23,22.00540542602539,49.22466278076172,442.7964782714844,20.136362075805664,33.49497985839844
2021-12-27,22.80758285522461,49.55119705200195,449.0630187988281,20.941492080688477,35.12492370605469
2021-12-28,21.9856014251709,49.660037994384766,448.6961364746094,20.111717224121094,33.77518844604492
2021-12-29,21.817241668701172,49.7144660949707,449.27001953125,19.832386016845703,32.84605407714844
2021-12-30,21.589462280273438,49.63282775878906,448.028076171875,19.51011085510254,32.12540817260742
2021-12-31,21.599363327026367,49.68724822998047,446.8989562988281,19.822830200195312,32.642093658447266
2022-01-03,22.490673065185547,50.00471496582031,449.4864196777344,20.995525360107422,35.18928909301758
2022-01-04,23.411693572998047,50.34031295776367,449.3359069824219,21.369049072265625,35.905399322509766
2022-01-05,23.94647789001465,50.05913543701172,440.7076416015625,21.499347686767578,35.841949462890625
2022-01-06,22.500577926635742,49.39699935913086,440.293701171875,20.317968368530273,33.82051467895508
2022-01-07,23.441402435302734,49.977500915527344,438.552978515625,21.030269622802734,35.03519058227539
2022-01-10,23.025461196899414,49.63282775878906,438.0072937011719,20.656747817993164,34.319068908691406
2022-01-11,23.282947540283203,49.7144660949707,441.99676513671875,20.91734504699707,34.717918395996094
2022-01-12,23.609760284423828,49.93214797973633,443.1916809082031,21.004209518432617,34.6771354675293
2022-01-13,22.76797103881836,49.741676330566406,437.0850830078125,20.152925491333008,33.263031005859375
2022-01-14,22.332218170166016,49.42421340942383,437.2638854980469,20.013938903808594,32.92763900756836
2022-01-18,21.3715877532959,48.58066940307617,429.5201416015625,19.13658905029297,31.663105010986328
2022-01-19,21.609268188476562,48.98883819580078,425.0601806640625,19.59697914123535,32.46986770629883
2022-01-20,21.19332504272461,48.75300979614258,420.3555908203125,19.22345542907715,31.572460174560547
2022-01-21,19.965301513671875,48.20878982543945,412.103759765625,18.024703979492188,29.560089111328125
2022-01-24,19.85636329650879,47.755271911621094,413.8538513183594,18.042078018188477,29.60541343688965
2022-01-25,19.81675148010254,47.61921691894531,408.8011169433594,18.076824188232422,29.646203994750977
2022-01-26,19.093799591064453,47.1203498840332,407.7755432128906,17.347150802612305,28.54483985900879
2022-01-27,18.24210548400879,47.11127853393555,405.76190185546875,16.7043399810791,27.225919723510742
2022-01-28,18.85611915588379,47.65549850463867,415.8392639160156,17.347150802612305,28.304622650146484
2022-01-31,19.242351531982422,48.217857360839844,423.3288879394531,17.94652557373047,29.419588088989258
2022-02-01,20.04452896118164,48.15436553955078,426.1893005371094,18.441661834716797,30.171958923339844
2022-02-02,19.628583908081055,48.78929138183594,430.329345703125,18.146318435668945,29.60541343688965
2022-02-03,18.935344696044922,48.426475524902344,420.21453857421875,17.303714752197266,28.118797302246094
2022-02-04,19.697908401489258,48.58066940307617,422.1904296875,17.816226959228516,28.7805233001709
2022-02-07,19.747426986694336,48.562530517578125,420.8354187011719,18.22449493408203,29.881885528564453
2022-02-08,19.648393630981445,48.8255729675293,424.2980651855469,18.285303115844727,29.841094970703125
2022-02-09,22.559999465942383,50.068206787109375,430.5081787109375,19.59697914123535,32.27043914794922
2022-02-10,22.183670043945312,48.61695098876953,422.7737731933594,19.197399139404297,31.499940872192383
2022-02-11,22.035118103027344,48.41740798950195,414.437255859375,18.971546173095703,31.04670524597168
2022-02-14,21.520137786865234,47.93667984008789,413.08221435546875,18.528528213500977,30.38044548034668
2022-02-15,21.75782012939453,48.317630767822266,419.7440490722656,18.910737991333008,31.14188575744629
2022-02-16,21.322071075439453,48.471824645996094,420.21453857421875,18.780441284179688,30.69318199157715
2022-02-17,20.836803436279297,47.99109649658203,411.2381286621094,18.406917572021484,29.909080505371094
2022-02-18,20.024721145629883,47.673641204833984,408.5753173828125,18.10288429260254,29.279081344604492
2022-02-22,20.500085830688477,47.52851486206055,404.19061279296875,18.1636905670166,29.306278228759766
2022-02-23,20.33172607421875,47.0024299621582,397.0207824707031,18.267929077148438,29.460376739501953
2022-02-24,22.045021057128906,47.3924560546875,402.99566650390625,18.962858200073242,30.656919479370117
2022-02-25,22.589706420898438,48.644161224365234,411.8872985839844,19.727279663085938,32.365623474121094
2022-02-28,24.342613220214844,49.00697326660156,410.83349609375,20.943403244018555,34.58195114135742
2022-03-01,24.213869094848633,48.65323257446289,404.5764465332031,20.90865707397461,34.554752349853516
2022-03-02,24.827882766723633,49.13396072387695,412.01910400390625,21.438539505004883,35.647056579589844
2022-03-03,24.312904357910156,49.08860778808594,409.9678039550781,21.04764175415039,34.849361419677734
2022-03-04,23.253238677978516,48.76207733154297,406.6369934082031,20.213729858398438,32.673824310302734
2022-03-07,23.75831413269043,49.20652389526367,394.649658203125,20.639373779296875,33.997276306152344
2022-03-08,25.045761108398438,49.152099609375,391.6575622558594,21.421167373657227,36.26798629760742
2022-03-09,26.788759231567383,50.02285385131836,402.1582336425781,22.61992073059082,38.66107940673828
2022-03-10,27.25421905517578,49.93214797973633,400.34222412109375,22.9239501953125,39.25482177734375
2022-03-11,26.848180770874023,49.5965461730957,395.25189208984375,22.27245330810547,38.02201461791992
2022-03-14,25.511219024658203,49.161170959472656,392.36322021484375,20.795732498168945,34.60914611816406
2022-03-15,24.75855827331543,49.5693359375,400.99151611328125,20.561193466186523,34.441444396972656
2022-03-16,24.560487747192383,49.79609680175781,409.8831481933594,20.804418563842773,34.24202346801758
2022-03-17,26.858083724975586,50.920814514160156,415.0111389160156,22.24639320373535,37.138206481933594
2022-03-18,27.12547492980957,50.62149429321289,419.556640625,22.28114128112793,37.24698257446289
2022-03-21,28.987319946289062,50.2586784362793,419.43408203125,23.010814666748047,38.55683135986328
2022-03-22,28.908092498779297,51.0568733215332,424.3420104980469,23.254043579101562,39.08712387084961
2022-03-23,28.75954246520996,50.440086364746094,418.8771667480469,22.915264129638672,38.41633224487305
2022-03-24,28.719924926757812,50.712196350097656,425.19140625,23.210607528686523,38.729061126708984
2022-03-25,28.48224639892578,50.902671813964844,427.2679443359375,22.802335739135742,37.999351501464844
2022-03-28,27.808813095092773,50.811973571777344,430.3070068359375,22.168214797973633,36.621517181396484
2022-03-29,27.244319915771484,51.54667282104492,435.6304016113281,22.229021072387695,36.87079620361328
2022-03-30,27.798908233642578,51.836917877197266,432.94036865234375,22.315889358520508,36.843597412109375
2022-03-31,28.81896209716797,51.54667282104492,426.27685546875,22.724159240722656,37.704750061035156
2022-04-01,28.7496395111084,52.208805084228516,427.4849548339844,22.645980834960938,37.21525573730469
2022-04-04,28.155433654785156,51.93668746948242,431.1470642089844,22.44618797302246,37.11100769042969
2022-04-05,28.066301345825195,51.80064010620117,425.7011413574219,22.30720329284668,36.98863983154297
2022-04-06,27.967267990112305,52.109031677246094,421.4444274902344,22.36800765991211,37.49626541137695
2022-04-07,30.294570922851562,52.825584411621094,423.56805419921875,23.679685592651367,40.24287414550781
2022-04-08,30.017274856567383,53.496788024902344,422.4354248046875,23.888164520263672,41.16294479370117
2022-04-11,30.334184646606445,52.8527946472168,415.215087890625,23.705745697021484,40.519351959228516
2022-04-12,30.651094436645508,52.95256805419922,413.6766662597656,23.7926082611084,40.705177307128906
2022-04-13,31.284914016723633,53.768898010253906,418.4146728515625,24.61783790588379,42.52265548706055
2022-04-14,31.09674835205078,53.66005325317383,413.2047424316406,24.36592674255371,42.09661102294922
2022-04-18,30.304475784301758,53.06141662597656,413.3745422363281,23.60150718688965,40.265533447265625
2022-04-19,29.928144454956055,53.351661682128906,420.0475158691406,23.33222198486328,39.90294647216797
2022-04-20,31.245298385620117,53.93216323852539,419.73602294921875,24.12270164489746,41.34877395629883
2022-04-21,28.01678466796875,52.48998260498047,413.4595031738281,22.09872055053711,37.58690643310547
2022-04-22,27.47209358215332,51.909481048583984,402.1145324707031,21.23874855041504,35.61985778808594
2022-04-25,26.729339599609375,51.36526107788086,404.44586181640625,20.682804107666016,34.45051193237305
2022-04-26,26.105424880981445,50.63963317871094,392.73272705078125,20.317968368530273,33.76612854003906
2022-04-27,25.9766788482666,50.63963317871094,393.8370361328125,20.456951141357422,34.1468391418457
2022-04-28,26.135133743286133,51.22013854980469,403.78509521484375,20.59593963623047,34.21482467651367
2022-04-29,25.560733795166016,50.0772705078125,388.8630065917969,20.144235610961914,33.149723052978516
2022-05-02,25.204212188720703,49.66910934448242,391.2037048339844,19.892322540283203,32.47893142700195
2022-05-03,25.50131607055664,50.09541320800781,392.9970703125,20.25716209411621,33.29475784301758
2022-05-04,26.125228881835938,51.120365142822266,404.9649353027344,20.795732498168945,34.201229095458984
2022-05-05,24.243579864501953,49.88679885864258,390.57135009765625,19.44062042236328,31.962242126464844
2022-05-06,23.609760284423828,49.914005279541016,388.24005126953125,19.084468841552734,31.509002685546875
2022-05-09,20.81699562072754,48.66230773925781,375.8096618652344,17.486133575439453,28.64908218383789
2022-05-10,21.31216812133789,48.471824645996094,376.6780090332031,17.468765258789062,28.594694137573242
2022-05-11,20.579315185546875,48.54439163208008,370.69403076171875,16.912818908691406,27.493330001831055
2022-05-12,20.391149520874023,47.882259368896484,370.30706787109375,16.478487014770508,26.210670471191406
2022-05-13,21.79743194580078,49.22466278076172,379.1602783203125,17.60774803161621,28.504047393798828
2022-05-16,22.332218170166016,49.514915466308594,377.6218566894531,17.790164947509766,28.7805233001709
2022-05-17,23.34236717224121,50.494510650634766,385.38958740234375,18.571958541870117,30.058650970458984
2022-05-18,22.718454360961914,49.5693359375,369.85400390625,17.711986541748047,28.359010696411133
2022-05-19,22.886810302734375,50.1679801940918,367.5887451171875,18.016016006469727,28.889301300048828
2022-05-20,23.233428955078125,50.34938049316406,367.7492370605469,18.128944396972656,29.034334182739258
2022-05-23,23.887056350708008,50.77568817138672,374.6297912597656,18.65013885498047,29.945341110229492
2022-05-24,23.49091911315918,50.73940658569336,371.77001953125,18.285303115844727,29.034334182739258
2022-05-25,23.847444534301758,51.22013854980469,375.0545349121094,18.42428970336914,29.297210693359375
2022-05-26,24.441648483276367,51.664581298828125,382.54864501953125,18.910737991333008,30.167423248291016
2022-05-27,24.996240615844727,52.163448333740234,391.9399719238281,19.275575637817383,30.797422409057617
2022-05-31,24.23367691040039,51.33804702758789,389.74072265625,19.05841064453125,30.788360595703125
2022-06-01,24.045513153076172,50.95709991455078,386.5882873535156,18.710947036743164,29.99972915649414
2022-06-02,25.224018096923828,51.909481048583984,393.95025634765625,19.70990562438965,31.948646545410156
2022-06-03,24.75855827331543,51.50131607055664,387.4849548339844,19.232141494750977,31.187210083007812
2022-06-06,24.728845596313477,51.61016082763672,388.6647644042969,19.310319900512695,31.373035430908203
2022-06-07,26.739242553710938,52.426490783691406,392.3929443359375,20.465641021728516,33.571231842041016
2022-06-08,27.046249389648438,51.619232177734375,388.1267395019531,20.413522720336914,33.43526077270508
2022-06-09,25.897449493408203,50.59428405761719,378.89593505859375,19.449308395385742,31.69483184814453
2022-06-10,25.28343963623047,49.832374572753906,367.90972900390625,19.067096710205078,30.9923152923584
2022-06-13,22.966039657592773,47.6282844543457,353.94085693359375,17.564315795898438,28.250234603881836
2022-06-14,22.05492401123047,46.60334014892578,352.874267578125,16.912818908691406,26.777217864990234
2022-06-15,22.292606353759766,47.31989288330078,357.90496826171875,17.28634262084961,27.47066879272461
2022-06-16,21.064579010009766,46.37657928466797,346.05975341796875,16.495861053466797,26.20160675048828
2022-06-17,20.470375061035156,46.00469970703125,346.80572509765625,16.382938385009766,26.21973419189453
2022-06-21,21.69839859008789,46.585201263427734,355.53607177734375,16.825952529907227,27.085416793823242
2022-06-22,20.97545051574707,46.467281341552734,354.8914794921875,16.13970947265625,25.79822540283203
2022-06-23,20.945741653442383,46.5307731628418,358.3703918457031,15.85305404663086,25.39484405517578
2022-06-24,22.282703399658203,47.927608489990234,369.7642822265625,16.96493911743164,27.312034606933594
2022-06-27,22.738258361816406,47.79154968261719,368.3519592285156,17.234224319458008,27.96469497680664
2022-06-28,22.37183380126953,47.74620056152344,360.825439453125,16.938880920410156,27.198726654052734
2022-06-29,21.549848556518555,47.52851486206055,360.53155517578125,16.45246696472168,26.224266052246094
2022-06-30,20.81699562072754,47.3924560546875,357.6025390625,16.20794677734375,25.89793586730957
2022-07-01,21.609268188476562,48.426475524902344,361.384765625,16.609657287597656,26.600454330444336
2022-07-05,20.81699562072754,46.975223541259766,362.0672912597656,15.902304649353027,25.412973403930664
2022-07-06,20.688249588012695,47.093135833740234,363.2900085449219,15.7538480758667,25.068513870239258
2022-07-07,22.05492401123047,47.73713302612305,368.7311096191406,16.696983337402344,26.60951805114746
2022-07-08,22.05492401123047,48.099945068359375,368.42779541015625,16.862905502319336,27.00836753845215
2022-07-11,21.55975341796875,47.646427154541016,364.21905517578125,16.277809143066406,26.10642433166504
2022-07-12,21.143808364868164,47.70991897583008,360.9960632324219,15.972167015075684,25.707578659057617
2022-07-13,21.252744674682617,47.79154968261719,359.1002197265625,16.033294677734375,25.716644287109375
2022-07-14,21.926177978515625,47.65549850463867,358.2281494140625,16.20794677734375,26.21973419189453
2022-07-15,22.173765182495117,47.61014938354492,365.0721740722656,16.41753578186035,26.682035446166992
2022-07-18,22.421348571777344,47.58293533325195,362.05780029296875,16.714447021484375,27.284841537475586
2022-07-19,23.45130729675293,48.562530517578125,371.8403015136719,17.41306495666504,28.56296730041504
2022-07-20,23.619665145874023,48.0817985534668,374.2100830078125,17.70124626159668,29.47397232055664
2022-07-21,23.114591598510742,48.02738571166992,378.0207214355469,17.404333114624023,28.911958694458008
2022-07-22,22.312414169311523,47.60107421875,374.5134582519531,16.862905502319336,28.019084930419922
2022-07-25,22.738258361816406,47.755271911621094,374.96844482421875,17.220947265625,28.630952835083008
2022-07-26,22.89671516418457,47.82783508300781,370.53216552734375,17.220947265625,28.576566696166992
2022-07-27,24.897205352783203,48.7076530456543,380.153564453125,18.417329788208008,30.647857666015625
2022-07-28,25.293344497680664,49.99563980102539,384.921630859375,18.714242935180664,31.28691864013672
2022-07-29,25.521120071411133,50.42194747924805,390.5332946777344,18.84523582458496,31.590587615966797
2022-08-01,24.580297470092773,49.96843338012695,389.3767395019531,18.391132354736328,30.665987014770508
2022-08-02,24.926916122436523,49.641902923583984,386.8079528808594,18.391132354736328,30.770231246948242
2022-08-03,24.42184066772461,50.05006408691406,392.8651123046875,18.38239860534668,30.797422409057617
2022-08-04,24.659523010253906,49.94122314453125,392.59967041015625,18.38239860534668,30.720375061035156
2022-08-05,25.521120071411133,50.21333312988281,391.9361877441406,18.626916885375977,31.00591278076172
2022-08-08,25.639963150024414,50.58521270751953,391.48114013671875,18.88016700744629,31.45461654663086
2022-08-09,24.85759162902832,50.47636795043945,389.9266357421875,18.391132354736328,30.53907585144043
2022-08-10,25.233922958374023,51.10222244262695,398.1166076660156,18.862701416015625,31.19627571105957
2022-08-11,25.09527587890625,51.075008392333984,398.1166076660156,18.801570892333984,31.069366455078125
2022-08-12,25.214115142822266,51.7462158203125,404.8563232421875,18.862701416015625,30.84728240966797
2022-08-15,24.798171997070312,51.80064010620117,406.5246276855469,18.434797286987305,30.16289520263672
2022-08-16,25.293344497680664,52.109031677246094,407.32098388671875,18.50465965270996,30.230878829956055
2022-08-17,24.253482818603516,51.36526107788086,404.4297790527344,17.79730796813965,28.92555809020996
2022-08-18,24.27328872680664,51.35619354248047,405.6051940917969,17.91083335876465,29.419588088989258
2022-08-19,22.322317123413086,50.73940658569336,400.15472412109375,17.142349243164062,28.2864933013916
2022-08-22,22.421348571777344,50.0772705078125,391.822509765625,17.055025100708008,28.195846557617188
2022-08-23,23.312660217285156,50.20425796508789,390.8745422363281,17.596452713012695,29.047929763793945
2022-08-24,26.7491455078125,51.27455520629883,392.125732421875,19.648645401000977,33.2403678894043
2022-08-25,26.986825942993164,51.836917877197266,397.6616516113281,19.744705200195312,33.3400764465332
2022-08-26,26.40252685546875,50.802894592285156,384.2011413574219,19.01988983154297,32.034759521484375
2022-08-29,28.85857391357422,51.81877517700195,381.6607971191406,20.425857543945312,35.14849853515625
2022-08-30,29.393360137939453,51.319915771484375,377.4709167480469,20.452056884765625,35.31166458129883
2022-08-31,28.868478775024414,51.12942886352539,374.5987548828125,20.3821964263916,35.17115783691406
2022-09-01,28.27427101135254,50.703125,375.7742004394531,19.447795867919922,33.29475784301758
2022-09-02,28.541664123535156,50.14076614379883,371.81182861328125,19.369197845458984,33.18144607543945
2022-09-06,28.39311408996582,49.96843338012695,370.4089660644531,19.78837013244629,34.418785095214844
2022-09-07,29.13587188720703,51.26548767089844,377.0633544921875,20.0416202545166,34.85842514038086
2022-09-08,29.898433685302734,51.60108947753906,379.5279846191406,20.757705688476562,36.44021987915039
2022-09-09,29.91823959350586,52.072750091552734,385.4239807128906,20.8362979888916,36.51727294921875
2022-09-12,29.997468948364258,52.51719665527344,389.56634521484375,20.687841415405273,36.213600158691406
2022-09-13,29.49239730834961,50.99338150024414,372.6270446777344,19.95429229736328,34.56382369995117
2022-09-14,30.17572784423828,51.52853012084961,374.0489196777344,20.321063995361328,35.34791564941406
2022-09-15,28.620891571044922,50.75755310058594,369.8022155761719,19.50018882751465,33.648284912109375
2022-09-16,27.680068969726562,50.51264953613281,366.9810791015625,19.07228660583496,32.97749328613281
2022-09-19,28.026687622070312,50.94802474975586,369.8269958496094,19.185810089111328,33.11799240112305
2022-09-20,28.125720977783203,50.97523880004883,365.58197021484375,18.88016700744629,32.279510498046875
2022-09-21,27.18489646911621,50.00471496582031,359.2047424316406,18.356201171875,31.377567291259766
2022-09-22,26.7491455078125,49.986572265625,356.18756103515625,18.04182243347168,30.566274642944336
2022-09-23,25.045761108398438,48.02738571166992,350.2196960449219,16.836706161499023,28.35447883605957
2022-09-26,24.877399444580078,47.564796447753906,346.7550354003906,16.609657287597656,28.02815055847168
2022-09-27,26.164844512939453,47.38338851928711,345.86993408203125,17.30827522277832,29.59634780883789
2022-09-28,27.036344528198242,48.57160186767578,352.67535400390625,17.971961975097656,30.765697479248047
2022-09-29,26.679824829101562,47.27454376220703,345.308349609375,17.43926429748535,29.619007110595703
2022-09-30,26.25397300720215,46.84823989868164,339.9686584472656,17.30827522277832,29.460376739501953
2022-10-03,27.244319915771484,48.55345916748047,348.94415283203125,17.998159408569336,30.60706329345703
2022-10-04,27.699874877929688,49.72352981567383,359.7568054199219,18.73171043395996,31.921449661254883
2022-10-05,27.561227798461914,49.36978530883789,358.91925048828125,18.618183135986328,31.898788452148438
2022-10-06,26.56098175048828,48.40833282470703,355.2166748046875,18.050556182861328,30.770231246948242
2022-10-07,26.442140579223633,47.44688034057617,345.308349609375,17.78857421875,30.32152557373047
2022-10-10,25.144792556762695,46.5307731628418,342.67181396484375,16.93276596069336,28.49498176574707
2022-10-11,25.57063865661621,46.34029769897461,340.50164794921875,17.07248878479004,28.893831253051758
2022-10-12,22.084632873535156,45.40605926513672,339.3785095214844,16.78430938720703,28.93915367126465
2022-10-13,22.163860321044922,46.42193603515625,348.3351135253906,17.116153717041016,29.99972915649414
2022-10-14,21.084388732910156,45.215579986572266,340.3968505859375,16.40007209777832,28.485918045043945
2022-10-17,22.43125343322754,46.730323791503906,349.14410400390625,17.220947265625,29.904550552368164
2022-10-18,23.04526710510254,47.05685806274414,353.24639892578125,17.395599365234375,30.049583435058594
2022-10-19,22.569904327392578,46.61241149902344,350.7431335449219,17.107421875,29.68246078491211
2022-10-20,22.975942611694336,46.61241149902344,347.8020324707031,17.229679107666016,29.709657669067383
2022-10-21,23.570148468017578,47.76434326171875,356.254150390625,17.771106719970703,30.86994171142578
2022-10-24,23.63947296142578,47.54664993286133,360.61346435546875,17.526592254638672,30.271671295166016
2022-10-25,24.312904357910156,48.36298370361328,366.3719482421875,17.92829704284668,31.150951385498047
2022-10-26,24.738750457763672,48.780216217041016,363.6116638183594,18.338735580444336,31.93051528930664
2022-10-27,23.688987731933594,48.66230773925781,361.6700439453125,17.963226318359375,31.00591278076172
2022-10-28,24.005897521972656,49.34257888793945,370.27435302734375,18.050556182861328,31.34130859375
2022-10-31,23.49091911315918,48.734867095947266,367.5997619628906,17.640119552612305,30.48469352722168
2022-11-01,23.40178871154785,49.10675048828125,365.9912109375,17.727445602416992,30.208219528198242
2022-11-02,22.857101440429688,48.20878982543945,356.8062438964844,17.15981674194336,29.206565856933594
2022-11-03,22.886810302734375,48.099945068359375,353.1322021484375,17.220947265625,29.324403762817383
2022-11-04,22.579805374145508,49.025115966796875,358.21490478515625,17.675048828125,29.936277389526367
2022-11-07,23.609760284423828,49.08860778808594,361.64141845703125,18.164081573486328,30.788360595703125
2022-11-08,24.23367691040039,49.31536865234375,363.5926208496094,18.51339340209961,31.42742156982422
2022-11-09,23.193817138671875,48.40833282470703,356.1019287109375,17.578989028930664,29.6552677154541
2022-11-10,23.817729949951172,50.38566207885742,375.6711730957031,18.530855178833008,30.897136688232422
2022-11-11,24.203968048095703,50.92988967895508,379.3070373535156,19.002424240112305,32.089149475097656
2022-11-14,24.0554141998291,50.47636795043945,376.0804138183594,18.749174118041992,31.821741104125977
2022-11-15,24.510971069335938,50.60335159301758,379.2879943847656,18.906362533569336,31.767351150512695
2022-11-16,23.75831413269043,50.30403518676758,376.3945007324219,18.13788414001465,30.226346969604492
2022-11-17,23.43149757385254,49.58747863769531,375.24285888671875,17.884634017944336,29.60541343688965
2022-11-18,23.609760284423828,50.08634567260742,376.94647216796875,17.93703269958496,29.505699157714844
2022-11-21,22.857101440429688,49.741676330566406,375.575927734375,17.51785659790039,28.857572555541992
2022-11-22,23.66918182373047,50.41287612915039,380.6300964355469,18.03308868408203,29.54195785522461
2022-11-23,23.966283798217773,50.902671813964844,383.0286560058594,18.303804397583008,30.14023208618164
2022-11-25,23.966283798217773,51.084083557128906,382.9429931640625,18.26887321472168,30.058650970458984
2022-11-28,22.847198486328125,50.18612289428711,376.8323669433594,17.613920211791992,28.880233764648438
2022-11-29,23.17428207397461,50.26774978637695,376.1850891113281,17.849702835083008,29.242822647094727
2022-11-30,24.238052368164062,51.7190055847168,388.0352478027344,18.76664161682129,30.856348037719727
2022-12-01,23.631603240966797,51.5648078918457,387.7496643066406,18.286340713500977,29.936277389526367
2022-12-02,23.631603240966797,51.47410583496094,387.30230712890625,18.347469329833984,30.072246551513672
2022-12-05,22.518125534057617,50.27682113647461,380.3350524902344,17.465463638305664,28.585630416870117
2022-12-06,21.65319061279297,49.859588623046875,374.85260009765625,17.020092010498047,27.67009162902832
2022-12-07,21.404647827148438,49.76888656616211,374.21490478515625,16.967697143554688,27.615703582763672
2022-12-08,21.712841033935547,49.859588623046875,377.14642333984375,17.33447265625,28.404335021972656
2022-12-09,21.5438289642334,49.93214797973633,374.3290710449219,17.116153717041016,27.99188804626465
2022-12-12,22.080684661865234,50.44915771484375,379.7258605957031,17.32573890686035,28.436063766479492
2022-12-13,22.04092025756836,50.612422943115234,382.6003112792969,17.33447265625,28.2547664642334
2022-12-14,22.011093139648438,50.58521270751953,380.1541442871094,17.255876541137695,27.978294372558594
2022-12-15,21.573657989501953,49.84144973754883,370.85491943359375,16.906566619873047,27.352827072143555
2022-12-16,21.58359718322754,49.53305435180664,366.4765625,17.020092010498047,27.606639862060547
2022-12-19,21.285343170166016,49.26363754272461,363.3690185546875,16.653316497802734,27.049158096313477
2022-12-20,21.64324951171875,49.513614654541016,363.8661804199219,16.836706161499023,27.19419288635254
2022-12-21,21.98126983642578,50.346866607666016,369.306884765625,17.343204498291016,27.928436279296875
2022-12-22,21.89179229736328,49.98579025268555,364.038330078125,16.993894577026367,27.55678367614746
2022-12-23,22.28946304321289,50.494998931884766,366.13238525390625,17.299541473388672,28.109729766845703
2022-12-27,22.67719078063965,50.957916259765625,364.6885986328125,17.631385803222656,28.59016227722168
2022-12-28,22.33917236328125,50.337608337402344,360.15625,17.124887466430664,27.647430419921875
2022-12-29,22.45847511291504,51.02272415161133,366.6391906738281,17.439176559448242,28.236637115478516
2022-12-30,22.538009643554688,50.81903839111328,365.67340087890625,17.57925033569336,28.77145767211914
2023-01-03,22.806438446044922,50.60609817504883,364.1339111328125,17.526723861694336,28.54483985900879
2023-01-04,22.38888168334961,50.78200149536133,366.9450988769531,17.57925033569336,28.608291625976562
2023-01-05,22.72690200805664,50.21725082397461,362.7570495605469,17.605512619018555,28.871170043945312
2023-01-06,24.297704696655273,51.58748245239258,371.0758972167969,18.53350257873535,30.348722457885742
2023-01-09,24.745084762573242,52.05965805053711,370.865478515625,18.857425689697266,31.173606872558594
2023-01-10,25.18252182006836,52.291114807128906,373.46630859375,19.128816604614258,31.509002685546875
2023-01-11,25.232229232788086,52.42999267578125,378.18988037109375,19.146326065063477,31.608718872070312
2023-01-12,25.470834732055664,52.54109191894531,379.5667724609375,19.27764320373535,31.63591194152832
2023-01-13,25.341590881347656,52.605899810791016,381.0392761230469,19.38269805908203,31.74468994140625
2023-01-17,25.271997451782227,52.25408172607422,380.34124755859375,19.11130714416504,31.536203384399414
2023-01-18,24.46671485900879,51.43008804321289,374.3363952636719,18.682331085205078,30.81102180480957
2023-01-19,25.172578811645508,51.75413131713867,371.6112976074219,18.97998809814453,31.29145050048828
2023-01-20,26.146873474121094,52.550350189208984,378.5340881347656,19.52277374267578,32.288570404052734
2023-01-23,26.71355628967285,53.03178024291992,383.07598876953125,19.75039291381836,32.7146110534668
2023-01-24,26.803030014038086,53.25398635864258,382.6648254394531,19.82918357849121,32.80526351928711
2023-01-25,27.180818557739258,53.42063903808594,382.8082580566406,19.951749801635742,32.97749328613281
2023-01-26,26.832857131958008,53.263240814208984,387.0154113769531,19.899219512939453,32.769004821777344
2023-01-27,27.46912956237793,53.8280029296875,387.90460205078125,20.258159637451172,33.43979263305664
2023-01-30,27.648080825805664,53.735416412353516,383.0377502441406,20.319442749023438,33.720802307128906
2023-01-31,27.8469181060791,53.80022430419922,388.6696472167969,20.1618595123291,33.104400634765625
2023-02-01,28.493131637573242,54.540889739990234,392.8003234863281,20.590835571289062,34.237491607666016
2023-02-02,28.30423927307129,54.13352966308594,398.5183410644531,20.26691436767578,33.983680725097656
2023-02-03,27.598373413085938,52.86513137817383,394.2824401855469,19.40020751953125,31.99850082397461
2023-02-06,27.11122703552246,52.605899810791016,391.8728332519531,19.023761749267578,31.418359756469727
2023-02-07,27.598373413085938,53.13362503051758,396.9978942871094,19.452735900878906,32.279510498046875
2023-02-08,27.160934448242188,52.3466682434082,392.6569519042969,19.19009780883789,31.907854080200195
2023-02-09,28.35395050048828,52.72625732421875,389.25286865234375,19.601564407348633,32.44267272949219
2023-02-10,29.03993034362793,53.25398635864258,390.16131591796875,19.820430755615234,32.750877380371094
2023-02-13,28.75162124633789,53.35582733154297,394.74139404296875,19.62782859802246,32.42454147338867
2023-02-14,28.99022102355957,53.55025100708008,394.5597229003906,19.87295913696289,32.787132263183594
2023-02-15,29.44754409790039,53.90206527709961,395.8410949707031,19.811676025390625,32.886844635009766
2023-02-16,28.582609176635742,53.30027389526367,390.3907775878906,19.479000091552734,32.1163444519043
2023-02-17,28.62237548828125,53.12437057495117,389.4154357910156,19.347681045532227,31.844402313232422
2023-02-21,26.981983184814453,51.65229034423828,381.6034851074219,18.586030960083008,30.285266876220703
2023-02-22,26.9720401763916,51.300472259521484,381.07757568359375,18.410940170288086,29.859224319458008
2023-02-23,26.932275772094727,51.48563766479492,383.10467529296875,18.577274322509766,30.466562271118164
2023-02-24,27.1311092376709,51.476383209228516,379.01220703125,18.34965705871582,30.285266876220703
2023-02-27,27.598373413085938,51.54119110107422,380.3030700683594,18.46346664428711,30.3577880859375
2023-02-28,27.180818557739258,51.226409912109375,378.8974609375,18.32339096069336,30.421239852905273
2023-03-01,27.747501373291016,51.24492263793945,377.44403076171875,18.743614196777344,30.96512222290039
2023-03-02,27.667966842651367,51.578224182128906,380.37957763671875,18.612293243408203,30.58440399169922
2023-03-03,28.145170211791992,52.43925094604492,386.47998046875,18.971235275268555,31.110158920288086
2023-03-06,27.11122703552246,51.71710205078125,386.7477111816406,18.32339096069336,29.8682918548584
2023-03-07,26.196582794189453,50.50425720214844,380.8193664550781,17.69305992126465,28.789587020874023
2023-03-08,25.997745513916016,50.62461471557617,381.4409484863281,17.649288177490234,28.626420974731445
2023-03-09,26.146873474121094,50.328346252441406,374.4033508300781,17.58800506591797,28.40886878967285
2023-03-10,25.301822662353516,49.6710090637207,369.00091552734375,17.18529510498047,27.71088218688965
2023-03-13,25.222288131713867,49.8376579284668,368.4750061035156,17.211557388305664,27.76527214050293
2023-03-14,25.341590881347656,50.01356506347656,374.5659484863281,17.04521942138672,27.593042373657227
2023-03-15,24.208227157592773,49.16179656982422,372.2232360839844,16.449907302856445,26.278656005859375
2023-03-16,24.46671485900879,49.735816955566406,378.75408935546875,16.633752822875977,26.559661865234375
2023-03-17,24.7947940826416,49.56916427612305,374.3253173828125,16.756315231323242,26.922252655029297
2023-03-20,24.725200653076172,49.81914138793945,377.9246826171875,16.826353073120117,26.967575073242188
2023-03-21,25.252113342285156,50.170955657958984,382.8870544433594,16.992691040039062,27.293907165527344
2023-03-22,24.456771850585938,49.346961975097656,376.3601379394531,16.730052947998047,26.8859920501709
2023-03-23,24.24799346923828,48.597042083740234,377.37762451171875,16.49367904663086,26.550600051879883
2023-03-24,23.900033950805664,48.41187286376953,379.85400390625,16.344852447509766,26.278656005859375
2023-03-27,24.476655960083008,48.893306732177734,380.56427001953125,16.528697967529297,26.586856842041016
2023-03-28,25.162635803222656,49.57842254638672,379.7100524902344,16.887636184692383,27.3392276763916
2023-03-29,25.729318618774414,50.30982971191406,385.2290954589844,17.141521453857422,27.819660186767578
2023-03-30,26.087223052978516,51.11530303955078,387.4846496582031,17.45668601989746,28.390737533569336
2023-03-31,26.017629623413086,51.439353942871094,392.9461364746094,17.44793128967285,28.436063766479492
2023-04-03,26.03751564025879,51.568965911865234,394.4434814453125,17.500457763671875,28.417932510375977
2023-04-04,25.252113342285156,50.8005256652832,392.2550354003906,17.11525535583496,27.76527214050293
2023-04-05,24.953859329223633,50.46722412109375,391.2279968261719,16.677526473999023,26.822540283203125
2023-04-06,25.102985382080078,50.6709098815918,392.7541198730469,16.695035934448242,26.804410934448242
2023-04-10,25.11292839050293,50.86532974243164,393.1572570800781,16.756315231323242,27.085416793823242
2023-04-11,25.172578811645508,51.45786666870117,393.2628173828125,17.04521942138672,27.602108001708984
2023-04-12,25.18252182006836,51.63377380371094,391.6599426269531,17.071483612060547,27.44800567626953
2023-04-13,26.23634910583496,52.44851303100586,396.8622131347656,17.57925033569336,28.218505859375
2023-04-14,26.047456741333008,51.985595703125,395.89276123046875,17.38665008544922,27.874048233032227
2023-04-17,25.88838768005371,51.837459564208984,397.3133544921875,17.26408576965332,27.457073211669922
2023-04-18,25.83867835998535,51.40231704711914,397.5724182128906,17.211557388305664,27.257646560668945
2023-04-19,25.411182403564453,51.23566436767578,397.5053405761719,17.027713775634766,26.994768142700195
2023-04-20,25.411182403564453,51.04124450683594,395.3361511230469,16.905147552490234,26.87692642211914
2023-04-21,25.341590881347656,51.13382339477539,395.6432189941406,16.791337966918945,26.632179260253906
2023-04-24,25.381357192993164,51.004207611083984,396.0559387207031,16.773826599121094,26.65937614440918
2023-04-25,25.94803810119629,50.791263580322266,389.7690124511719,16.835107803344727,26.795345306396484
2023-04-26,26.087223052978516,51.02272415161133,388.11810302734375,16.835107803344727,26.68657112121582
2023-04-27,26.455068588256836,51.49489974975586,395.84478759765625,17.15027618408203,27.293907165527344
2023-04-28,27.329944610595703,52.41147994995117,399.2234191894531,17.509214401245117,28.1459903717041
2023-05-01,27.578487396240234,51.87449264526367,398.8203125,17.26408576965332,27.466135025024414
2023-05-02,26.763263702392578,51.24492263793945,394.3379211425781,16.870128631591797,26.994768142700195
2023-05-03,26.663846969604492,51.198631286621094,391.6311950683594,16.887636184692383,26.840669631958008
2023-05-04,26.455068588256836,51.624515533447266,388.8572082519531,16.992691040039062,27.157934188842773
2023-05-05,27.399538040161133,52.77254867553711,396.0559387207031,17.623022079467773,28.236637115478516
2023-05-08,27.310060501098633,52.85587692260742,396.1615295410156,17.745590209960938,28.40886878967285
2023-05-09,28.35395050048828,53.88355255126953,394.4242858886719,18.13954734802246,29.33346939086914
2023-05-10,28.453367233276367,54.10574722290039,396.2671203613281,18.35841178894043,29.67793083190918
2023-05-11,27.558605194091797,53.235469818115234,395.5760803222656,17.754344940185547,28.735198974609375
2023-05-12,27.548664093017578,53.30953598022461,395.05780029296875,17.78936004638672,28.862106323242188
2023-05-15,27.40947914123535,53.198429107666016,396.4207458496094,17.80687141418457,28.825843811035156
2023-05-16,26.892505645751953,52.19853591918945,393.7715759277344,17.360383987426758,28.019084930419922
2023-05-17,27.121170043945312,52.263343811035156,398.551513671875,17.526723861694336,28.1459903717041
2023-05-18,27.121170043945312,51.71710205078125,402.390869140625,17.56174087524414,28.055343627929688
2023-05-19,26.763263702392578,51.68006896972656,401.80535888671875,17.605512619018555,28.164119720458984
2023-05-22,27.787267684936523,52.67070770263672,401.9685974121094,18.122037887573242,28.916492462158203
2023-05-23,28.15511131286621,52.1614990234375,397.45733642578125,17.89441680908203,28.53577423095703
2023-05-24,27.687849044799805,51.54119110107422,394.5777587890625,17.57925033569336,27.874048233032227
2023-05-25,27.588430404663086,50.8005256652832,397.9948425292969,17.299104690551758,27.357358932495117
2023-05-26,27.190759658813477,50.6801643371582,403.14910888671875,17.29034996032715,27.357358932495117
2023-05-30,26.514719009399414,49.661746978759766,403.3027038574219,16.878881454467773,26.559661865234375
2023-05-31,27.677907943725586,50.587581634521484,401.06634521484375,17.412912368774414,27.647430419921875
2023-06-01,30.12358283996582,52.72625732421875,404.8768005371094,18.47222137451172,29.723255157470703
2023-06-02,29.904865264892578,53.44841003417969,410.7318420410156,18.65606689453125,30.004261016845703
2023-06-05,30.710147857666016,54.142784118652344,409.9447937011719,18.927459716796875,30.4303035736084
2023-06-06,30.421838760375977,53.61505889892578,410.8374328613281,18.927459716796875,30.312458038330078
2023-06-07,29.636436462402344,53.69838333129883,409.4168395996094,18.708595275878906,29.913612365722656
2023-06-08,30.431779861450195,54.4205322265625,411.8931884765625,19.17258644104004,30.81102180480957
2023-06-09,30.58090591430664,54.6057014465332,412.6322326660156,19.17258644104004,30.70224380493164
2023-06-12,31.76397705078125,55.77225875854492,416.3756103515625,19.767902374267578,31.69029998779297
2023-06-13,31.39613151550293,55.66115188598633,419.1207580566406,19.715375900268555,31.472747802734375
2023-06-14,31.028284072875977,55.17046356201172,419.619873046875,19.461490631103516,30.910734176635742
2023-06-15,31.455781936645508,55.76299285888672,424.8221435546875,19.63658332824707,31.472747802734375
2023-06-16,31.575084686279297,56.09629440307617,423.3751525878906,19.74163818359375,31.608718872070312
2023-06-20,31.76397705078125,55.68893051147461,421.1785888671875,19.61907196044922,31.191741943359375
2023-06-21,31.167470932006836,55.51301574707031,419.0205993652344,19.531526565551758,31.019512176513672
2023-06-22,30.69026756286621,54.64273452758789,420.5331726074219,19.137571334838867,30.285266876220703
2023-06-23,29.72591209411621,53.781707763671875,417.3538818359375,18.65606689453125,29.786706924438477
2023-06-26,29.735855102539062,53.837257385253906,415.64874267578125,18.67357635498047,29.87735366821289
2023-06-27,29.407777786254883,54.3094367980957,420.2055358886719,18.568519592285156,29.65980339050293
2023-06-28,29.84521484375,54.40201950073242,420.4175109863281,18.699840545654297,29.904550552368164
2023-06-29,30.700204849243164,54.568668365478516,422.0745544433594,18.813650131225586,30.13117027282715
2023-06-30,31.147586822509766,55.003814697265625,427.0552978515625,18.99749755859375,30.4303035736084
2023-07-03,30.56102180480957,55.09639358520508,427.5466613769531,18.90995216369629,30.239944458007812
2023-07-05,30.322420120239258,54.763099670410156,426.9108581542969,18.717348098754883,30.067712783813477
2023-07-06,29.119464874267578,53.56876754760742,423.56781005859375,17.850643157958984,28.77145767211914
2023-07-07,29.4177188873291,54.33720779418945,422.4984436035156,18.26211166381836,29.2337589263916
2023-07-10,30.173294067382812,54.58718490600586,423.56781005859375,18.50723648071289,29.732318878173828
2023-07-11,31.028284072875977,55.33711242675781,426.265380859375,18.892440795898438,30.149295806884766
2023-07-12,31.266889572143555,56.04074478149414,429.6950378417969,19.067533493041992,30.466562271118164
2023-07-13,32.15170669555664,56.920284271240234,433.1054382324219,19.610319137573242,31.345842361450195
2023-07-14,31.356367111206055,55.790767669677734,432.835693359375,19.006250381469727,30.44843101501465
2023-07-17,31.445838928222656,55.864837646484375,434.3386535644531,19.155078887939453,30.593467712402344
2023-07-18,32.74821472167969,56.27220153808594,437.5660705566406,19.452735900878906,31.227998733520508
2023-07-19,32.728328704833984,56.24443054199219,438.5390625,19.43522834777832,30.96512222290039
2023-07-20,32.668678283691406,56.253684997558594,435.62957763671875,19.251380920410156,30.548147201538086
2023-07-21,32.4499626159668,55.837066650390625,435.62957763671875,18.988744735717773,30.167423248291016
2023-07-24,32.77804183959961,55.97593688964844,437.57568359375,19.12006187438965,30.32152557373047
2023-07-25,33.33477783203125,56.744384765625,438.7702941894531,19.566545486450195,31.173606872558594
2023-07-26,33.54356002807617,56.383304595947266,438.83770751953125,19.33892822265625,30.829151153564453
2023-07-27,32.78798294067383,54.94826126098633,435.92822265625,18.866178512573242,29.93174171447754
2023-07-28,33.772216796875,55.50376510620117,440.1961364746094,19.242626190185547,30.366849899291992
2023-07-31,34.955284118652344,56.82770538330078,441.0342102050781,19.87295913696289,31.499940872192383
2023-08-01,34.33890151977539,56.48514175415039,439.772216796875,19.732885360717773,31.499940872192383
2023-08-02,33.02658462524414,55.78150939941406,433.6546325683594,19.27764320373535,30.9197998046875
2023-08-03,33.52367401123047,55.790767669677734,432.41180419921875,19.29515266418457,31.01044273376465
2023-08-04,33.304954528808594,56.29072189331055,430.4561462402344,19.52277374267578,31.182676315307617
2023-08-07,33.73244857788086,56.96657943725586,434.21337890625,19.671600341796875,31.63591194152832
2023-08-08,33.80204391479492,56.994354248046875,432.32513427734375,19.63658332824707,31.790010452270508
2023-08-09,34.060523986816406,57.114715576171875,429.4349060058594,19.671600341796875,31.889726638793945
2023-08-10,33.990936279296875,57.12397003173828,429.5890808105469,19.671600341796875,32.043827056884766
2023-08-11,34.59738540649414,57.82760238647461,429.338623046875,20.021785736083984,32.642093658447266
2023-08-14,34.59738540649414,57.753543853759766,431.7085266113281,19.82918357849121,32.234188079833984
2023-08-15,33.692684173583984,56.76289749145508,426.67962646484375,19.30390739440918,31.45461654663086
2023-08-16,33.8616943359375,56.58698272705078,423.5485534667969,19.251380920410156,31.499940872192383
2023-08-17,33.82192611694336,56.225914001464844,420.3211975097656,19.198854446411133,31.318647384643555
2023-08-18,34.4681396484375,57.10545349121094,420.52349853515625,19.592809677124023,32.30670166015625
2023-08-21,35.84010696411133,58.57753372192383,423.2595520019531,20.249404907226562,33.67547607421875
2023-08-22,35.989234924316406,58.586788177490234,422.1130676269531,20.354461669921875,33.85676956176758
2023-08-23,35.75062561035156,59.19784164428711,426.81451416015625,20.57332420349121,34.16497039794922
2023-08-24,35.521968841552734,58.25348663330078,420.89923095703125,20.223142623901367,33.5848274230957
2023-08-25,36.16818618774414,59.08673858642578,423.8664855957031,20.590835571289062,34.210296630859375
2023-08-28,36.386905670166016,59.43855285644531,426.55438232421875,20.818456649780273,34.473175048828125
2023-08-29,36.297428131103516,59.61446762084961,432.72015380859375,20.809701919555664,34.319068908691406
2023-08-30,36.72492218017578,60.04960632324219,434.50244140625,21.054828643798828,34.89921569824219
2023-08-31,36.784576416015625,59.53114700317383,433.8665466308594,21.019811630249023,34.9173469543457
2023-09-01,37.13253402709961,60.38290786743164,434.6758117675781,21.28244972229004,35.44309616088867
2023-09-05,36.92375946044922,61.216163635253906,432.79718017578125,21.763954162597656,36.83906555175781
2023-09-06,36.62550735473633,60.679176330566406,429.8877258300781,21.440032958984375,36.403961181640625
2023-09-07,36.88399124145508,60.679176330566406,428.56787109375,21.36124038696289,36.01417922973633
2023-09-08,36.83428192138672,61.10506057739258,429.21331787109375,21.44878578186035,36.3223762512207
2023-09-11,37.271724700927734,62.0308952331543,432.03607177734375,21.80772590637207,37.05662536621094
2023-09-12,37.91793441772461,61.80869674682617,429.6661682128906,21.798969268798828,37.12007141113281
2023-09-13,38.70333480834961,63.20669937133789,430.1671142578125,22.464323043823242,38.48884582519531
2023-09-14,39.65774917602539,64.98430633544922,433.8761901855469,23.15593719482422,39.912010192871094
2023-09-15,40.06536102294922,65.4749984741211,428.6487121582031,23.374801635742188,40.59186553955078
2023-09-18,40.174720764160156,65.78052520751953,428.9000244140625,23.44483757019043,40.791290283203125
2023-09-19,38.912113189697266,65.00282287597656,428.0106506347656,23.068389892578125,39.912010192871094
2023-09-20,39.27001953125,65.02133178710938,424.0757751464844,23.077144622802734,40.21114730834961
2023-09-21,38.54426956176758,63.94737243652344,417.0664367675781,22.648168563842773,39.55848693847656
2023-09-22,39.747222900390625,66.07679748535156,416.1286926269531,23.453594207763672,41.17200469970703
2023-09-25,41.248435974121094,67.57662963867188,417.87860107421875,24.52165412902832,43.710140228271484
2023-09-26,40.38349914550781,65.83607482910156,411.7394714355469,23.812532424926758,42.83085632324219
2023-09-27,40.11507034301758,65.44721984863281,411.90380859375,23.768756866455078,42.595176696777344
2023-09-28,40.91041564941406,67.0211410522461,414.2917785644531,24.54792022705078,44.081790924072266
2023-09-29,39.409202575683594,65.59535217285156,413.2863464355469,23.672456741333008,42.75833511352539
2023-10-02,37.351253509521484,63.26225662231445,413.1219482421875,22.823259353637695,41.317047119140625
2023-10-03,36.864112854003906,62.2067985534668,407.59185791015625,22.227947235107422,39.83949279785156
2023-10-04,35.949466705322266,61.836463928222656,410.5599060058594,22.04410171508789,39.42251968383789
2023-10-05,36.913822174072266,62.716007232666016,410.4052429199219,22.58688735961914,40.537479400634766
2023-10-06,37.46061706542969,63.8733024597168,415.2779541015625,22.902050018310547,41.072296142578125
2023-10-09,37.142478942871094,63.18819046020508,417.93658447265625,22.525604248046875,40.165828704833984
2023-10-10,37.530208587646484,64.53990936279297,420.1118469238281,22.937068939208984,40.764095306396484
2023-10-11,37.0032958984375,64.1047592163086,421.83282470703125,22.48183250427246,39.8032341003418
2023-10-12,35.9693489074707,63.030799865722656,419.2611389160156,22.070362091064453,39.20496368408203
2023-10-13,36.1980094909668,63.4659423828125,417.1728820800781,22.14915657043457,39.25935363769531
2023-10-16,35.9693489074707,62.87340545654297,421.56207275390625,21.772706985473633,38.27129364013672
2023-10-17,37.4506721496582,63.63258743286133,421.542724609375,22.219192504882812,38.942081451416016
2023-10-18,37.64950942993164,63.16041564941406,415.9256591796875,22.24545669555664,39.00553512573242
2023-10-19,38.11677169799805,63.771461486816406,412.2711486816406,22.630659103393555,40.13862991333008
2023-10-20,37.967647552490234,62.928955078125,407.2051086425781,22.49058723449707,39.92107391357422
2023-10-23,38.04718017578125,63.00302505493164,406.49932861328125,22.464323043823242,39.90294647216797
2023-10-24,38.58403778076172,64.31770324707031,409.5641784667969,22.998353958129883,41.15388107299805
2023-10-25,39.0214729309082,64.26216125488281,403.68603515625,23.15593719482422,41.652442932128906
2023-10-26,38.126712799072266,63.540000915527344,398.8520202636719,22.60439682006836,40.64625549316406
2023-10-27,37.709163665771484,62.29012680053711,397.0440979003906,22.13164710998535,39.45877456665039
2023-10-30,37.63956832885742,63.28076171875,401.79107666015625,22.551868438720703,40.31085968017578
2023-10-31,40.67181396484375,64.74359130859375,404.314453125,23.497364044189453,41.96970748901367
2023-11-01,40.810997009277344,65.7157211303711,408.6263427734375,23.707475662231445,42.58610916137695
2023-11-02,42.590572357177734,66.78968048095703,416.4574279785156,23.996376037597656,42.703948974609375
2023-11-03,41.70575714111328,66.0675277709961,420.25689697265625,23.63743782043457,41.70682907104492
2023-11-06,40.57239532470703,64.96578979492188,421.2236633300781,22.98959732055664,39.948272705078125
2023-11-07,40.92035675048828,65.32685089111328,422.42254638671875,23.34853744506836,40.900062561035156
2023-11-08,40.2144889831543,64.34547424316406,422.73193359375,22.814504623413086,40.14769744873047
2023-11-09,41.97418212890625,65.04911804199219,419.43511962890625,23.366046905517578,40.90913772583008
2023-11-10,42.25255584716797,65.41944885253906,425.9803466796875,23.514873504638672,41.38050079345703
2023-11-13,43.47539138793945,66.27120971679688,425.57427978515625,24.223997116088867,43.06653594970703
2023-11-14,43.813411712646484,68.03955841064453,433.8307800292969,24.582935333251953,43.54697036743164
2023-11-15,42.91865158081055,66.96559143066406,434.74920654296875,24.20648765563965,42.722076416015625
2023-11-16,43.684165954589844,67.46553802490234,435.2809753417969,24.556671142578125,43.483516693115234
2023-11-17,44.34032440185547,68.71541595458984,435.8223571777344,25.081947326660156,44.48063659667969
2023-11-20,45.085960388183594,69.52088165283203,439.1771240234375,25.493417739868164,45.314598083496094
2023-11-21,44.50933837890625,68.97464752197266,438.22003173828125,25.134475708007812,44.78883361816406
2023-11-22,44.737998962402344,69.38201904296875,439.911865234375,25.222021102905273,44.87948226928711
2023-11-24,44.86724090576172,69.63199615478516,440.18255615234375,25.449642181396484,45.32365798950195
2023-11-27,45.16549301147461,69.67829132080078,439.3898620605469,25.41462516784668,45.1695556640625
2023-11-28,44.96665573120117,69.05796813964844,439.8249206542969,25.239530563354492,44.46250534057617
2023-11-29,44.01835250854492,67.21556091308594,439.5155334472656,24.390335083007812,42.631431579589844
2023-11-30,45.741634368896484,68.45619201660156,441.2460632324219,25.35333824157715,44.78883361816406
2023-12-01,45.223655700683594,68.75244903564453,443.8564758300781,25.335832595825195,44.59847640991211
2023-12-04,45.7814826965332,69.39126586914062,441.52642822265625,25.72978973388672,45.7315673828125
2023-12-05,45.542415618896484,68.2710189819336,441.4394836425781,25.17824935913086,44.50783157348633
2023-12-06,44.71563720703125,67.65070343017578,439.6605529785156,24.933120727539062,43.80078125
2023-12-07,44.048240661621094,67.60441589355469,443.01531982421875,24.941875457763672,43.80078125
2023-12-08,44.914859771728516,68.16917419433594,444.919921875,25.195756912231445,44.15430450439453
2023-12-11,44.884979248046875,68.19695281982422,446.6504821777344,25.151987075805664,43.96394729614258
2023-12-12,45.741634368896484,68.38211059570312,448.6903991699219,25.467151641845703,44.426246643066406
2023-12-13,45.472686767578125,68.37285614013672,454.8779296875,25.195756912231445,43.74639129638672
2023-12-14,46.0305061340332,70.05786895751953,456.3377685546875,26.0537109375,45.74140930175781
2023-12-15,44.78536605834961,68.55802917480469,455.5863952636719,25.39711570739746,44.72555923461914
2023-12-18,46.160003662109375,69.2436752319336,458.1491394042969,25.957406997680664,45.73200225830078
2023-12-19,43.5999870300293,68.02344512939453,460.93505859375,25.038177490234375,43.82258224487305
2023-12-20,42.50425720214844,67.41332244873047,454.5478210449219,24.73176383972168,43.49337387084961
2023-12-21,43.470489501953125,69.02093505859375,458.8577880859375,25.63348960876465,45.18645477294922
2023-12-22,43.45056915283203,69.53421783447266,459.7799377441406,25.843599319458008,46.16468048095703
2023-12-26,43.719520568847656,70.41549682617188,461.72137451171875,26.193782806396484,46.76666259765625
2023-12-27,43.45056915283203,70.04749298095703,462.55615234375,25.79107093811035,45.8260612487793
2023-12-28,42.733367919921875,68.9531478881836,462.73089599609375,25.495819091796875,45.02655029296875
2023-12-29,42.93259048461914,69.45673370361328,461.3913269042969,25.709365844726562,45.40279006958008
2024-01-02,41.876708984375,68.8563003540039,458.80926513671875,25.189422607421875,44.593875885009766
2024-01-03,41.34876251220703,68.76914978027344,455.062255859375,24.9108829498291,44.19882583618164
2024-01-04,42.47437286376953,69.13715362548828,453.5964660644531,25.254417419433594,44.78199768066406
2024-01-05,42.08589172363281,69.16620635986328,454.2177429199219,25.03158187866211,44.56565856933594
2024-01-08,42.544105529785156,69.7860107421875,460.7021484375,25.402973175048828,45.08298873901367
2024-01-09,44.55625915527344,71.33552551269531,460.0032043457031,26.433574676513672,47.2181510925293
2024-01-10,44.97462844848633,72.11995697021484,462.604736328125,26.730688095092773,47.782508850097656
2024-01-11,46.478763580322266,72.6429214477539,462.40087890625,27.287769317626953,49.19340896606445
2024-01-12,49.726097106933594,75.64509582519531,462.72119140625,29.228273391723633,53.26621627807617
2024-01-16,48.76982498168945,75.18022918701172,461.0224609375,28.99615478515625,53.181556701660156
2024-01-17,47.73386764526367,73.51451873779297,458.459716796875,28.420503616333008,52.523136138916016
2024-01-18,47.624298095703125,74.1246337890625,462.5367126464844,28.57834243774414,52.645416259765625
2024-01-19,46.8074836730957,73.51451873779297,468.3028564453125,28.25337791442871,51.723628997802734
2024-01-22,46.00062942504883,71.66478729248047,469.29296875,27.408470153808594,49.757774353027344
2024-01-23,47.13619613647461,73.29177856445312,470.66162109375,28.160531997680664,51.31917190551758
2024-01-24,47.25572967529297,72.8172378540039,471.1761474609375,27.863420486450195,50.62312316894531
2024-01-25,45.8014030456543,72.34269714355469,473.73883056640625,27.362045288085938,49.644901275634766
2024-01-26,46.179927825927734,72.57512664794922,473.13702392578125,27.473461151123047,49.73896026611328
2024-01-29,46.9070930480957,73.01092529296875,476.88397216796875,27.881990432739258,50.35976028442383
2024-01-30,47.71394729614258,73.68883514404297,476.5151062011719,28.36479377746582,51.39441680908203
2024-01-31,47.56452560424805,73.38861083984375,468.7396240234375,28.151247024536133,51.08401870727539
2024-02-01,50.363616943359375,76.41015625,474.87457275390625,29.906055450439453,54.996917724609375
2024-02-02,48.81963348388672,75.37393188476562,479.8738098144531,29.265413284301758,53.877601623535156
2024-02-05,48.12235641479492,74.43453979492188,478.12646484375,28.791893005371094,52.730072021484375
2024-02-06,47.43503189086914,74.73475646972656,479.5146179199219,28.73618507385254,52.80531692504883
2024-02-07,47.86336135864258,75.35455322265625,483.51397705078125,29.061147689819336,53.379085540771484
2024-02-08,44.54629898071289,73.1077651977539,483.7275390625,27.854137420654297,50.858272552490234
2024-02-09,43.88886260986328,72.39112091064453,486.5232238769531,27.640586853027344,50.62312316894531
2024-02-12,43.470489501953125,72.32333374023438,486.30963134765625,27.631303787231445,50.51966094970703
2024-02-13,41.69740676879883,70.9190902709961,479.61163330078125,26.73996925354004,48.713706970214844
2024-02-14,42.08589172363281,71.42267608642578,483.97015380859375,27.15778350830078,49.720149993896484
2024-02-15,42.155616760253906,71.34519958496094,487.3094482421875,27.111358642578125,49.38153076171875
2024-02-16,42.01616287231445,70.7447738647461,484.88262939453125,26.88852310180664,48.98648452758789
2024-02-20,41.308921813964844,69.61168670654297,482.2132263183594,26.052902221679688,46.94537353515625
2024-02-21,41.567909240722656,70.1636962890625,482.6500244140625,26.322158813476562,47.46270751953125
2024-02-22,40.89055252075195,69.17588806152344,492.6387023925781,25.746505737304688,46.13645935058594
2024-02-23,40.03388977050781,68.20745086669922,492.9784240722656,25.050151824951172,44.386940002441406
2024-02-26,40.71125030517578,68.60450744628906,491.1728820800781,25.570098876953125,45.53447723388672
2024-02-27,41.468299865722656,70.89002990722656,492.0853271484375,26.00647735595703,46.71963119506836
2024-02-28,40.60167694091797,71.01593780517578,491.4350280761719,25.551528930664062,45.56269073486328
2024-02-29,40.3725700378418,70.7738265991211,493.2016906738281,25.495819091796875,45.32754135131836
2024-03-01,41.80698013305664,72.40080261230469,497.8320007324219,26.266450881958008,46.22111511230469
2024-03-04,41.13957977294922,71.97469329833984,497.298095703125,25.718652725219727,45.195858001708984
2024-03-05,40.7012939453125,71.79068756103516,492.3280944824219,25.57938003540039,44.91368103027344
2024-03-06,41.468299865722656,72.8850326538086,494.82281494140625,26.00647735595703,45.581504821777344
2024-03-07,43.89881896972656,74.91876220703125,499.7346496582031,27.250629425048828,48.111724853515625
2024-03-08,41.06985092163086,72.04248046875,496.735107421875,26.052902221679688,45.60972595214844
2024-03-11,40.61164093017578,71.62605285644531,496.3080139160156,26.034334182739258,45.233482360839844
2024-03-12,41.79701614379883,71.59699249267578,501.64697265625,26.136465072631836,45.18645477294922
2024-03-13,39.416297912597656,70.8028793334961,500.8606262207031,25.375118255615234,43.427528381347656
2024-03-14,39.79482650756836,69.94096374511719,499.87054443359375,25.46796417236328,43.625057220458984
2024-03-15,40.9503173828125,71.15151977539062,496.4381103515625,25.89505958557129,45.1300163269043
2024-03-18,41.78705596923828,71.29678344726562,499.3885192871094,26.173603057861328,45.30873107910156
2024-03-19,41.000125885009766,70.9965591430664,502.1636962890625,25.802215576171875,44.82902526855469
2024-03-20,41.81694030761719,72.8850326538086,506.8084411621094,26.647123336791992,46.860721588134766
2024-03-21,42.47437286376953,72.77850341796875,508.483154296875,26.869956970214844,47.124088287353516
2024-03-22,43.022239685058594,72.97218322753906,507.51922607421875,26.786396026611328,46.71022415161133
2024-03-25,41.80698013305664,72.9140853881836,506.1170349121094,26.35000991821289,45.9671516418457
2024-03-26,41.93647384643555,72.478271484375,505.1823425292969,26.35000991821289,46.117645263671875
2024-03-27,42.544105529785156,73.0302963256836,509.4277038574219,26.517135620117188,46.16468048095703
2024-03-28,43.151737213134766,73.56293487548828,509.33038330078125,26.767824172973633,46.362205505371094
2024-04-01,46.56841278076172,75.81940460205078,508.4441833496094,27.96555519104004,49.02410125732422
2024-04-02,47.49480056762695,76.13899993896484,505.2114562988281,28.21623992919922,49.68252182006836
2024-04-03,49.66633605957031,77.97903442382812,505.7664794921875,29.13542366027832,51.39441680908203
2024-04-04,48.172157287597656,76.30362701416016,499.5930480957031,28.049114227294922,49.32509231567383
2024-04-05,49.018856048583984,77.0396499633789,504.8122863769531,28.355510711669922,49.96470260620117
2024-04-08,48.56064224243164,76.2939453125,505.0946044921875,28.179100036621094,49.42856216430664
2024-04-09,47.71394729614258,76.06151580810547,505.6788635253906,27.89127540588379,48.81717300415039
2024-04-10,48.969051361083984,76.11962890625,500.6154479980469,28.169816970825195,49.757774353027344
2024-04-11,50.273963928222656,77.3689193725586,504.39349365234375,28.699045181274414,50.989959716796875
2024-04-12,49.39738082885742,76.08088684082031,497.43133544921875,28.058399200439453,49.607276916503906
2024-04-15,48.13231658935547,74.46359252929688,491.199462890625,27.34347915649414,48.20578384399414
2024-04-16,48.0028190612793,73.77599334716797,490.30364990234375,26.823532104492188,47.00181198120117
2024-04-17,48.22196578979492,73.74694061279297,487.4018859863281,26.9256649017334,46.983001708984375
2024-04-18,47.98289489746094,73.93094635009766,486.39892578125,26.814247131347656,46.860721588134766
2024-04-19,47.91316604614258,73.67915344238281,482.15338134765625,26.767824172973633,46.84191131591797
2024-04-22,47.10631561279297,73.7178955078125,486.59368896484375,26.916379928588867,46.888938903808594
2024-04-23,48.49091720581055,74.31832122802734,492.3678894042969,27.13921356201172,47.34983444213867
2024-04-24,48.57060241699219,73.94062805175781,492.1341857910156,26.972087860107422,47.07706069946289
2024-04-25,48.969051361083984,74.54106903076172,490.2646789550781,27.092790603637695,47.05824661254883
2024-04-26,49.1583137512207,75.41266632080078,494.90936279296875,27.38990020751953,47.980037689208984
2024-04-29,49.2280387878418,76.82659149169922,496.6620788574219,28.206954956054688,49.475589752197266
2024-04-30,45.452762603759766,74.31832122802734,488.7943420410156,26.712116241455078,46.79487991333008
2024-05-01,46.73774719238281,76.33267974853516,487.2071838378906,27.547739028930664,48.77954864501953
2024-05-02,48.23192596435547,77.92092895507812,491.76422119140625,28.36479377746582,50.41619110107422
2024-05-03,48.22196578979492,78.51168060302734,497.85980224609375,28.624767303466797,50.74540328979492
2024-05-06,50.53295135498047,80.75846862792969,503.0010986328125,29.45110511779785,52.18452453613281
2024-05-07,51.54899215698242,80.50667572021484,503.55615234375,29.469675064086914,52.27858352661133
2024-05-08,50.363616943359375,79.5091781616211,503.60479736328125,28.75475311279297,50.83946228027344
2024-05-09,52.02712631225586,81.92059326171875,506.5064392089844,29.54395294189453,52.476112365722656
2024-05-10,50.71225357055664,80.90373229980469,507.1589050292969,28.98686981201172,51.43204116821289
2024-05-13,48.78974914550781,80.66162109375,507.22698974609375,28.64333724975586,50.87709045410156
2024-05-14,49.785865783691406,81.4073257446289,509.55426025390625,28.9125919342041,51.25333023071289
2024-05-15,49.77590560913086,82.56946563720703,515.8641357421875,29.20970344543457,51.62016296386719
2024-05-16,49.636451721191406,82.53072357177734,514.8026733398438,29.265413284301758,51.89293670654297
2024-05-17,52.84394073486328,84.63224029541016,515.5427856445312,30.314584732055664,54.23503112792969
2024-05-20,53.790252685546875,85.70721435546875,516.13671875,30.83452796936035,55.31672286987305
2024-05-21,53.52130126953125,85.99774932861328,517.4025268554688,30.750965118408203,55.26028823852539
2024-05-22,51.93747329711914,84.01244354248047,515.912841796875,29.711078643798828,53.125125885009766
2024-05-23,51.48922348022461,82.8599853515625,512.1444702148438,29.191133499145508,52.193931579589844
2024-05-24,52.784175872802734,83.97370147705078,515.5330810546875,29.711078643798828,52.9464111328125
2024-05-28,53.91975021362305,84.39981842041016,515.893310546875,30.1567440032959,53.294429779052734
2024-05-29,54.12893295288086,83.21831512451172,512.2808227539062,29.868915557861328,53.031063079833984
2024-05-30,54.55725860595703,83.74127197265625,508.88232421875,29.776071548461914,52.84294509887695
2024-05-31,55.29438400268555,84.04149627685547,513.5173950195312,29.93391227722168,53.172149658203125
2024-06-03,53.889862060546875,82.61787414550781,513.9360961914062,29.302549362182617,52.071651458740234
2024-06-04,53.41172790527344,81.22332000732422,514.5106201171875,28.485496520996094,50.51025390625
2024-06-05,54.06916046142578,80.94247436523438,520.6256103515625,28.36479377746582,49.76717758178711
2024-06-06,55.25454330444336,81.45574951171875,520.615966796875,28.921878814697266,50.88649368286133
2024-06-07,53.19258499145508,79.19927978515625,519.9830932617188,27.81699562072754,48.7889518737793
2024-06-10,53.39180374145508,80.36141204833984,521.5896606445312,28.1419620513916,49.26866149902344
2024-06-11,50.61264419555664,78.01776885986328,522.8457641601562,26.907094955444336,46.81369400024414
2024-06-12,52.23630905151367,79.44139099121094,527.1399536132812,27.752002716064453,48.54439926147461
2024-06-13,52.714447021484375,80.18709564208984,528.2012329101562,27.798429489135742,48.638458251953125
2024-06-14,51.69841003417969,79.17022705078125,528.5226440429688,27.445608139038086,47.782508850097656
2024-06-17,51.090782165527344,78.68599700927734,532.7291259765625,27.259916305541992,47.61320495605469
2024-06-18,52.196468353271484,79.76097869873047,534.0827026367188,27.937698364257812,49.04291534423828
2024-06-20,52.01716613769531,80.12897491455078,532.6317749023438,27.974836349487305,48.88301467895508
2024-06-21,51.36968994140625,79.14116668701172,531.9177856445312,27.510601043701172,48.04588317871094
2024-06-24,50.24407958984375,78.68599700927734,530.1885375976562,27.07421875,46.83250427246094
2024-06-25,49.84563446044922,78.4342041015625,532.230224609375,26.795679092407227,46.324581146240234
2024-06-26,50.29388427734375,78.3470458984375,532.89453125,27.018510818481445,46.79487991333008
2024-06-27,51.55895233154297,78.5213623046875,533.734619140625,27.48779296875,47.584983825683594
2024-06-28,49.00889587402344,77.44639587402344,531.6343994140625,26.902353286743164,46.31517791748047
2024-07-01,50.02493667602539,77.64977264404297,532.728515625,27.07891273498535,46.672603607177734
2024-07-02,49.53683853149414,77.64007568359375,536.3135986328125,26.85588836669922,46.3527946472168
2024-07-03,50.363616943359375,79.37359619140625,538.70703125,27.720109939575195,47.74488830566406
2024-07-05,49.736061096191406,79.0636978149414,541.8134765625,27.590011596679688,47.0206298828125
2024-07-08,48.54072189331055,79.07337951660156,542.4386596679688,27.34840202331543,46.60676193237305
2024-07-09,48.799713134765625,79.25737762451172,542.9661254882812,27.617889404296875,47.124088287353516
2024-07-10,53.5113410949707,81.92059326171875,548.3389282226562,28.844526290893555,49.01469802856445
2024-07-11,53.5113410949707,82.57913970947266,543.61083984375,29.048965454101562,49.6543083190918
2024-07-12,52.66463851928711,82.81157684326172,547.039794921875,28.974624633789062,49.12757110595703
2024-07-15,52.01716613769531,81.7850112915039,548.5440673828125,28.658672332763672,48.30924606323242
2024-07-16,51.170467376708984,81.3492202758789,551.797119140625,28.2962589263916,47.331024169921875
2024-07-17,47.28561782836914,78.07588958740234,544.060302734375,27.041744232177734,45.017147064208984
2024-07-18,46.26957702636719,77.0687026977539,539.879150390625,26.391254425048828,44.18941879272461
2024-07-19,46.44887924194336,76.64258575439453,536.2940063476562,26.205402374267578,44.151790618896484
2024-07-22,47.42507553100586,77.23333740234375,541.8232421875,26.437719345092773,44.274070739746094
2024-07-23,47.17604446411133,76.73943328857422,540.9733276367188,26.26115608215332,44.13298034667969
2024-07-24,46.309425354003906,75.0156021118164,528.713623046875,25.52703285217285,42.77851486206055
2024-07-25,44.40684127807617,73.8922119140625,525.9586791992188,25.043813705444336,42.148311614990234
2024-07-26,45.014469146728516,74.9865493774414,531.8493041992188,25.592082977294922,42.797325134277344
2024-07-29,44.466609954833984,73.9793701171875,532.161865234375,25.13673973083496,41.9601936340332
2024-07-30,44.10800552368164,74.22148132324219,529.4657592773438,25.350473403930664,42.5151481628418
2024-07-31,45.31330490112305,76.41015625,538.072021484375,26.33549690246582,44.104759216308594
2024-08-01,40.86066818237305,73.0593490600586,530.452392578125,24.300397872924805,40.530479431152344
2024-08-02,37.88227844238281,70.05716705322266,520.576171875,22.785690307617188,38.113136291503906
2024-08-05,36.75667190551758,68.57545471191406,505.41510009765625,22.24671173095703,37.586402893066406
2024-08-06,38.031700134277344,69.14684295654297,510.07476806640625,22.40468978881836,37.793331146240234
2024-08-07,37.96197509765625,69.48579406738281,506.6654968261719,22.52549171447754,37.52996826171875
2024-08-08,38.99793243408203,70.45423889160156,518.3782348632812,22.94366455078125,38.12254333496094
2024-08-09,39.39638137817383,70.44454193115234,520.6641235351562,22.971540451049805,37.8121452331543
2024-08-12,38.93816375732422,70.86097717285156,520.9376831054688,23.05517578125,38.24482345581055
2024-08-13,39.06766128540039,71.30646514892578,529.5047607421875,23.25961685180664,38.3388786315918
2024-08-14,39.695213317871094,71.51952362060547,531.17529296875,23.37112808227539,38.63987350463867
2024-08-15,40.62159729003906,72.40080261230469,540.27978515625,23.705665588378906,39.11957931518555
2024-08-16,40.10362243652344,72.00374603271484,541.4910888671875,23.529104232788086,38.73393249511719
2024-08-19,41.05989074707031,72.49765014648438,546.6685791015625,23.64061737060547,38.07551193237305
2024-08-20,41.21927261352539,72.58480072021484,545.7794799804688,23.82646942138672,38.58343505859375
2024-08-21,41.24915313720703,73.1077651977539,547.6550903320312,23.910104751586914,38.67749786376953
2024-08-22,40.2032356262207,71.80036926269531,543.3568725585938,23.315372467041016,37.72749328613281
2024-08-23,42.444496154785156,75.0156021118164,549.130126953125,24.913715362548828,40.74681854248047
2024-08-26,42.16558074951172,74.68633270263672,547.8212280273438,24.857959747314453,40.7750358581543
2024-08-27,41.73725509643555,74.8412857055664,548.5733642578125,24.932302474975586,40.7750358581543
2024-08-28,40.55187225341797,73.01092529296875,545.3887329101562,24.06808090209961,39.33591842651367
2024-08-29,40.09366226196289,72.50733184814453,545.4375,23.82646942138672,38.90324401855469
2024-08-30,40.68136978149414,73.17555236816406,550.6444091796875,24.06808090209961,39.3641357421875
2024-09-03,37.80259323120117,69.83443450927734,539.3125610351562,22.516199111938477,36.70223617553711
2024-09-04,38.848514556884766,70.25086212158203,538.208740234375,22.813566207885742,37.22897720336914
2024-09-05,37.95201110839844,69.39863586425781,536.8997802734375,22.358224868774414,36.46708679199219
2024-09-06,36.816436767578125,67.56827545166016,527.8636474609375,21.540468215942383,35.225494384765625
2024-09-09,36.8961296081543,68.27523803710938,533.7737426757812,21.921466827392578,35.7052001953125
2024-09-10,37.553565979003906,69.33084106445312,536.0986938476562,22.395395278930664,36.448272705078125
2024-09-11,39.82470703125,71.71321868896484,541.5985107421875,23.54768943786621,38.95027160644531
2024-09-12,40.58176040649414,72.95281982421875,546.1605834960938,23.984445571899414,39.580474853515625
2024-09-13,40.1733512878418,72.44922637939453,549.0130004882812,23.631324768066406,38.3388786315918
2024-09-16,40.43233871459961,72.7300796508789,549.8238525390625,23.79859161376953,38.53641128540039
2024-09-17,40.143463134765625,72.29428100585938,550.0484619140625,23.482641220092773,37.8121452331543
2024-09-18,39.95420455932617,71.8681640625,548.4171752929688,23.399005889892578,37.67105484008789
2024-09-19,40.920440673828125,73.70819854736328,557.7754516601562,24.25393295288086,39.07255172729492
2024-09-20,44.227542877197266,77.23333740234375,556.8113403320312,25.257545471191406,40.51166915893555
2024-09-23,45.84124755859375,79.6738052368164,558.2026977539062,26.019546508789062,42.34584045410156
2024-09-24,46.58833694458008,81.4460678100586,559.7999877929688,26.79083824157715,43.850799560546875
2024-09-25,47.4051513671875,81.77533721923828,558.5652465820312,26.837303161621094,43.81317901611328
2024-09-26,47.87332534790039,81.83344268798828,560.7798461914062,27.07891273498535,44.02951431274414
2024-09-27,47.79363250732422,82.15303039550781,559.966552734375,27.041744232177734,43.99189376831055
2024-09-30,47.574485778808594,80.91342163085938,562.21044921875,26.586400985717773,43.154754638671875
2024-10-01,48.45106887817383,82.97620391845703,557.1738891601562,27.181133270263672,44.25525665283203
2024-10-02,49.247962951660156,84.06085968017578,557.4089965820312,27.757280349731445,44.9513053894043
2024-10-03,49.76594543457031,84.1092758178711,556.3900146484375,27.5621337890625,44.546844482421875
2024-10-04,51.638641357421875,85.92027282714844,561.4461059570312,28.175451278686523,45.59091567993164
2024-10-07,51.22026824951172,84.38043975830078,556.370361328125,27.73869514465332,44.51862716674805
2024-10-08,51.37965393066406,84.30297088623047,561.6322631835938,27.87808609008789,44.84783935546875
2024-10-09,50.38353729248047,82.73409271240234,565.5223999023438,27.376277923583984,44.245853424072266
2024-10-10,50.29388427734375,83.0246353149414,564.53271484375,27.478500366210938,44.60327911376953
2024-10-11,51.150543212890625,84.04149627685547,567.913330078125,27.87808609008789,45.111202239990234
2024-10-14,51.678489685058594,85.06803894042969,572.557861328125,28.036060333251953,45.111202239990234
2024-10-15,51.5091438293457,85.34889221191406,568.1093139648438,28.09181785583496,45.242889404296875
2024-10-16,55.56333923339844,91.45977020263672,570.5785522460938,30.061866760253906,48.01765823364258
2024-10-17,56.44987869262695,91.58566284179688,570.6275024414062,30.442869186401367,48.49736785888672
2024-10-18,57.794639587402344,93.59033966064453,572.8224487304688,31.09335708618164,49.74836730957031
2024-10-21,57.69502639770508,93.61939239501953,571.8817138671875,30.898212432861328,49.26866149902344
2024-10-22,56.459842681884766,92.08924865722656,571.5779418945312,30.433576583862305,48.93004608154297
2024-10-23,53.86994171142578,89.61003875732422,566.355224609375,29.337038040161133,47.124088287353516
2024-10-24,53.640830993652344,89.77467346191406,567.5801391601562,29.522891998291016,47.11468505859375
2024-10-25,53.5810661315918,89.45509338378906,567.3840942382812,29.32774543762207,46.503292083740234
2024-10-28,54.95570755004883,91.32418823242188,569.1381225585938,29.903892517089844,46.653785705566406
2024-10-29,54.55725860595703,90.31700134277344,570.0592041015625,29.56935691833496,45.543880462646484
2024-10-30,53.770328521728516,89.14518737792969,568.3346557617188,29.08613395690918,45.08298873901367
2024-10-31,52.01716613769531,88.10895538330078,557.1934814453125,28.55645179748535,44.452781677246094
2024-11-01,52.296077728271484,87.24703216552734,559.5451049804688,28.398475646972656,43.5404052734375
2024-11-04,50.951324462890625,83.99307250976562,558.3399047851562,27.757280349731445,42.91019821166992
2024-11-05,51.06089401245117,84.46761322021484,565.09130859375,27.887378692626953,42.78792190551758
2024-11-06,51.011085510253906,85.47478485107422,579.1426391601562,28.175451278686523,43.201786041259766
2024-11-07,53.371883392333984,88.80622863769531,583.6205444335938,29.29057502746582,44.84783935546875
2024-11-08,52.33592224121094,87.9249496459961,586.1487426757812,28.807355880737305,43.756744384765625
2024-11-11,51.87771224975586,87.64409637451172,586.7072143554688,28.36130714416504,43.18297576904297
2024-11-12,54.19865798950195,86.51102447509766,584.8845825195312,28.54715919494629,43.48396682739258
2024-11-13,52.77421188354492,85.7459487915039,585.1687622070312,28.02676773071289,42.3270263671875
2024-11-14,52.903709411621094,85.85247802734375,581.4061279296875,28.249792098999023,42.637428283691406
2024-11-15,53.38184356689453,85.1648941040039,573.958984375,28.1568660736084,43.13594436645508
2024-11-18,55.6828727722168,89.33887481689453,576.3108520507812,29.6344051361084,45.49685287475586
2024-11-19,57.236812591552734,90.48163604736328,578.4174194335938,30.21055030822754,46.07061767578125
2024-11-20,57.38623046875,89.49382781982422,578.6135864257812,29.7087459564209,45.17704772949219
2024-11-21,60.69333267211914,92.94148254394531,581.7196044921875,30.758819580078125,46.78547668457031
2024-11-22,59.87651824951172,93.28044128417969,583.5225830078125,30.77740478515625,46.42804718017578
2024-11-25,57.8842887878418,91.14018249511719,585.501953125,29.801673889160156,44.932491302490234
2024-11-26,58.39230728149414,91.1595458984375,588.5591430664062,29.513599395751953,44.43397521972656
2024-11-27,57.69765853881836,90.8399658203125,586.7757568359375,29.54147720336914,44.65031433105469
2024-11-29,59.33447265625,92.36042022705078,590.4207763671875,30.061866760253906,45.14883041381836
2024-12-02,58.71567916870117,90.34605407714844,591.4790649414062,29.652990341186523,44.44337844848633
2024-12-03,59.27458572387695,89.6294174194336,591.7535400390625,29.6344051361084,45.07358169555664
2024-12-04,59.49415969848633,89.12581634521484,595.4279174804688,29.439258575439453,44.640907287597656
2024-12-05,61.02118682861328,89.7649917602539,594.4480590820312,29.690160751342773,45.18645477294922
2024-12-06,60.94134521484375,89.48413848876953,595.5750122070312,29.550769805908203,44.941898345947266
2024-12-09,57.40822219848633,86.0752182006836,592.508056640625,28.22191619873047,43.07010269165039
2024-12-10,56.31035614013672,85.39730834960938,590.6658325195312,28.212623596191406,43.49337387084961
2024-12-11,57.69765853881836,86.32701873779297,595.2320556640625,28.667964935302734,43.709712982177734
2024-12-12,55.89117431640625,84.57414245605469,592.1651000976562,27.971012115478516,42.65541458129883
2024-12-13,54.18449783325195,83.78001403808594,592.0474853515625,27.311229705810547,41.881622314453125
2024-12-16,54.08469009399414,82.79219818115234,594.575439453125,26.86518096923828,40.61453628540039
2024-12-17,53.31618881225586,82.0271224975586,592.1259155273438,26.6793270111084,40.37272644042969
2024-12-18,51.82908630371094,79.29611206054688,574.4784545898438,25.83369255065918,39.12498092651367
2024-12-19,52.80717849731445,80.07087707519531,574.302001953125,26.066009521484375,39.4635124206543
2024-12-20,52.33809280395508,80.14835357666016,581.199951171875,25.991668701171875,39.19268798828125
2024-12-23,53.0367317199707,81.1376953125,584.6803588867188,26.26115608215332,39.6182746887207
2024-12-24,52.51774215698242,81.44015502929688,591.1791381835938,26.093887329101562,39.09596252441406
2024-12-26,52.457862854003906,81.57675170898438,591.2184448242188,26.103179931640625,39.057273864746094
2024-12-27,52.387996673583984,80.87425994873047,584.9949340820312,26.112472534179688,39.35711669921875
2024-12-30,51.23025131225586,79.92784118652344,578.3192138671875,25.607576370239258,38.689720153808594
2024-12-31,51.29013442993164,79.36194610595703,576.21533203125,25.55985450744629,38.989566802978516
2025-01-02,52.05863952636719,82.45486450195312,574.799560546875,26.829256057739258,41.77522277832031
2025-01-03,53.01677322387695,85.25506591796875,581.9865112304688,27.525997161865234,42.05572509765625
2025-01-06,54.7034912109375,87.14788818359375,585.339111328125,27.94594955444336,42.26852035522461
2025-01-07,51.479766845703125,84.77698516845703,578.722412109375,26.924699783325195,40.575843811035156
2025-01-08,51.280155181884766,82.71829223632812,579.5678100585938,26.571557998657227,40.1502571105957
2025-01-10,49.14431381225586,82.43534851074219,570.71923828125,25.932085037231445,39.0089111328125
2025-01-13,48.70516586303711,80.78645324707031,571.604248046875,25.86527442932129,39.2990837097168
2025-01-14,48.964664459228516,81.71334075927734,572.3907470703125,25.960718154907227,39.6182746887207
2025-01-15,49.5734748840332,83.50859832763672,582.802490234375,26.390214920043945,40.24698257446289
2025-01-16,49.413787841796875,83.85009002685547,581.6818237304688,26.113428115844727,39.76335906982422
2025-01-17,51.52967071533203,85.13799285888672,587.5217895507812,26.752901077270508,40.45977783203125
2025-01-21,53.45591735839844,89.30414581298828,592.8995361328125,27.850505828857422,41.407676696777344
2025-01-22,56.21055221557617,91.47991943359375,596.2326049804688,28.96719741821289,43.33248519897461
2025-01-23,56.74950408935547,93.8703384399414,599.4869384765625,29.568492889404297,43.40019226074219
2025-01-24,55.89117431640625,93.31420135498047,597.7366943359375,29.13899803161621,42.35557174682617
2025-01-27,47.41767120361328,83.0012435913086,589.2816162109375,25.86527442932129,37.973960876464844
2025-01-28,48.50555419921875,84.17205810546875,594.3449096679688,26.32340431213379,38.81546401977539
2025-01-29,49.97269821166992,85.99658966064453,591.6805419921875,27.067867279052734,40.00517272949219
2025-01-30,50.20225143432617,88.56262969970703,594.8561401367188,27.602352142333984,40.06320571899414
2025-01-31,49.34392166137695,87.20642852783203,591.6903076171875,27.020143508911133,39.26039505004883
2025-02-03,47.357791900634766,87.06983184814453,587.7084350585938,26.714723587036133,38.631683349609375
2025-02-04,50.22221374511719,88.28943634033203,591.6509399414062,27.592805862426758,40.09222412109375
2025-02-05,50.25215530395508,89.50904083251953,594.0499267578125,27.659616470336914,39.695655822753906
2025-02-06,48.60536193847656,87.56743621826172,596.1146240234375,27.067867279052734,38.854148864746094
2025-02-07,49.83297348022461,89.90907287597656,590.6580810546875,27.774150848388672,39.13465118408203
2025-02-10,50.26213836669922,90.51399230957031,594.6693725585938,27.774150848388672,38.81546401977539
2025-02-11,49.75312423706055,88.73825073242188,595.12158203125,27.296932220458984,38.29315185546875
2025-02-12,49.53355407714844,89.8993148803711,593.204345703125,27.621440887451172,38.59299850463867
2025-02-13,48.98462677001953,89.47976684570312,599.4672241210938,27.640527725219727,38.35118865966797
2025-02-14,47.09829330444336,87.07959747314453,599.4376831054688,26.752901077270508,36.90032196044922
2025-02-18,47.82687759399414,87.53816223144531,601.197509765625,26.915157318115234,37.38394546508789
2025-02-19,46.459537506103516,85.80145263671875,602.6133422851562,26.13251495361328,36.31997299194336
2025-02-20,46.449562072753906,84.74771118164062,600.1062622070312,26.008440017700195,36.310302734375
2025-02-21,43.395503997802734,81.6548080444336,589.842041015625,24.872657775878906,35.1205940246582
2025-02-24,43.195892333984375,79.6448974609375,587.1580200195312,24.490882873535156,34.88845443725586
2025-02-25,43.50529098510742,78.5618896484375,584.2379150390625,24.032752990722656,34.1436767578125
2025-02-26,44.63309860229492,80.08395385742188,584.5328369140625,24.538604736328125,34.78205871582031
2025-02-27,43.395503997802734,76.8056640625,575.2025146484375,23.59370994567871,33.563331604003906
2025-02-28,43.95441818237305,77.38131713867188,584.178955078125,23.67006492614746,33.62136459350586
2025-03-03,41.030113220214844,74.02497863769531,573.9441528320312,22.41975212097168,31.59015655517578
2025-03-04,41.80859375,75.63484191894531,567.1504516601562,22.95423698425293,32.4219856262207
2025-03-05,42.90645980834961,76.52272033691406,573.2461547851562,23.545989990234375,33.08938217163086
2025-03-06,42.04813003540039,73.76153564453125,563.0703125,23.116491317749023,32.93462371826172
2025-03-07,41.748714447021484,73.90789031982422,566.2262573242188,22.8492488861084,32.354278564453125
2025-03-10,40.5610237121582,71.60527801513672,551.14453125,22.057065963745117,31.348346710205078
2025-03-11,41.64890670776367,73.556640625,546.5628662109375,22.582006454467773,32.21886444091797
2025-03-12,42.517215728759766,74.16156768798828,549.4632568359375,22.75380516052246,32.40264129638672
2025-03-13,41.72875213623047,73.62493896484375,542.138671875,22.438840866088867,32.24788284301758
2025-03-14,42.38747024536133,75.52752685546875,553.3369140625,22.811071395874023,32.26722717285156
2025-03-17,43.24580001831055,76.8349380493164,557.6039428710938,23.51735496520996,33.41824722290039
2025-03-18,43.006263732910156,75.995849609375,551.5770263671875,23.336013793945312,33.4859504699707
2025-03-19,44.1041259765625,77.70329284667969,557.5842895507812,24.04229736328125,34.35647201538086
2025-03-20,44.762840270996094,77.98623657226562,555.971923828125,24.2236385345459,35.023868560791016
2025-03-21,44.44346237182617,77.24472045898438,556.1552734375,23.86095428466797,34.28876495361328
2025-03-24,45.65111541748047,78.89362335205078,566.1151733398438,24.233184814453125,34.45319366455078
2025-03-25,44.39356231689453,77.41058349609375,567.4759521484375,23.73687744140625,33.592350006103516
2025-03-26,43.16595458984375,75.69338989257812,560.7013549804688,23.183303833007812,33.224796295166016
2025-03-27,42.547157287597656,74.06400299072266,559.2122802734375,22.562917709350586,32.23821258544922
2025-03-28,41.748714447021484,72.33704376220703,547.9507446289062,22.047521591186523,31.39670753479004
2025-03-31,41.080013275146484,71.48819732666016,551.6289672851562,21.875722885131836,31.377361297607422
2025-04-01,41.71876907348633,72.2394790649414,553.1870727539062,22.028432846069336,31.445068359375
2025-04-02,42.38747024536133,72.83464050292969,556.6878662109375,22.11433219909668,31.54179573059082
2025-04-03,40.830501556396484,70.78571319580078,529.2538452148438,21.43667984008789,30.516515731811523
2025-04-04,37.75648880004883,66.08292388916016,498.2696838378906,19.871402740478516,28.291858673095703
2025-04-07,37.08778762817383,65.37067413330078,497.3821716308594,19.57552719116211,27.285924911499023
2025-04-08,36.60871887207031,65.26335144042969,489.5918273925781,19.336917877197266,27.227890014648438
2025-04-09,39.972171783447266,71.35160064697266,541.0084228515625,21.112173080444336,29.433204650878906
2025-04-10,38.604835510253906,69.87832641601562,517.3018798828125,20.606319427490234,29.065650939941406
2025-04-11,40.76063537597656,72.05409240722656,526.5320434570312,21.618022918701172,30.361757278442383
2025-04-14,41.2297248840332,72.41510009765625,531.6401977539062,21.799367904663086,30.400447845458984
2025-04-15,40.73069381713867,72.40534210205078,530.151123046875,21.694377899169922,30.100603103637695
2025-04-16,41.19977951049805,72.12239074707031,518.3668823242188,21.675289154052734,30.23601722717285
2025-04-17,41.0999755859375,73.00050354003906,519.1065063476562,21.828001022338867,30.64225959777832
2025-04-21,39.53302764892578,70.47349548339844,506.7503662109375,21.42713737487793,29.500911712646484
2025-04-22,40.1019172668457,71.98579406738281,519.9348754882812,21.6275691986084,29.568618774414062
2025-04-23,41.88844299316406,73.9469223022461,527.991455078125,22.582006454467773,31.59015655517578
2025-04-24,43.80470657348633,76.47393035888672,539.105224609375,23.469635009765625,33.17643356323242
2025-04-25,43.904518127441406,76.08366394042969,543.0003662109375,23.336013793945312,32.85724639892578
2025-04-28,45.231929779052734,77.44961547851562,543.20751953125,23.908674240112305,33.54398727416992
2025-04-29,45.33173370361328,77.7520751953125,546.6292724609375,23.985029220581055,33.7374382019043
2025-04-30,45.06226348876953,77.02031707763672,546.84619140625,23.86095428466797,33.54398727416992
2025-05-01,45.42155838012695,78.03502655029297,550.7217407226562,24.156829833984375,33.930885314941406
2025-05-02,46.918643951416016,79.6448974609375,558.896728515625,24.662681579589844,34.82074737548828
2025-05-05,46.3198127746582,78.92289733886719,555.6917724609375,24.481338500976562,34.327457427978516
2025-05-06,48.05643081665039,81.30355834960938,551.0471801757812,25.1876220703125,35.401092529296875
2025-05-07,49.643341064453125,81.71334075927734,553.3645629882812,25.550310134887695,36.31997299194336
2025-05-08,49.14431381225586,81.23526000976562,557.2203369140625,25.46441078186035,36.04914855957031
2025-05-09,50.63141632080078,82.42559814453125,556.51025390625,25.92254066467285,36.668182373046875
2025-05-12,51.06058120727539,82.81586456298828,574.9015502929688,26.04661750793457,36.890647888183594
2025-05-13,51.85902404785156,84.53306579589844,578.6981201171875,26.571557998657227,37.161476135253906
2025-05-14,53.1964225769043,85.64533996582031,579.4376831054688,26.867433547973633,37.08409881591797
2025-05-15,51.48974609375,85.91853332519531,582.2678833007812,26.73381233215332,36.503753662109375
2025-05-16,51.17036819458008,85.90877532958984,585.9559326171875,26.447481155395508,35.391422271728516
2025-05-19,51.080543518066406,86.29904174804688,586.596923828125,26.542924880981445,35.34305953979492
2025-05-20,52.29817199707031,85.99658966064453,584.624755859375,26.73381233215332,35.5751953125
2025-05-21,52.0686149597168,85.53801727294922,574.7733154296875,26.943788528442383,35.67192459106445
2025-05-22,52.707374572753906,86.04537200927734,575.0001831054688,27.220577239990234,35.449459075927734
2025-05-23,58.57594680786133,94.60209655761719,571.0752563476562,30.3797664642334,39.753684997558594
2025-05-27,60.35248947143555,97.59744262695312,582.9483642578125,31.46782684326172,40.121238708496094
2025-05-28,60.292606353759766,97.21692657470703,579.5758056640625,31.401016235351562,40.25665283203125
2025-05-29,59.035057067871094,94.89480590820312,581.863525390625,30.790172576904297,38.989566802978516
2025-05-30,58.416259765625,94.82650756835938,581.2128295898438,30.551563262939453,38.89284133911133
2025-06-02,58.06694030761719,94.6313705444336,584.4866943359375,30.417943954467773,38.17708206176758
2025-06-03,59.56402587890625,96.33881378173828,587.8197631835938,31.248306274414062,40.25665283203125
2025-06-04,59.833499908447266,96.15343475341797,587.6619873046875,31.57281494140625,40.856346130371094
2025-06-05,59.9133415222168,95.23628997802734,584.8219604492188,31.65871238708496,40.58551788330078
2025-06-06,60.30258560180664,97.23644256591797,590.8274536132812,32.1072998046875,40.5178108215332
2025-06-09,66.77997589111328,99.47074890136719,591.3599243164062,33.57713317871094,42.51033020019531
2025-06-10,63.705963134765625,96.9242172241211,594.7128295898438,32.498619079589844,40.662899017333984
2025-06-11,66.20110321044922,102.59293365478516,593.0166625976562,34.235694885253906,41.330291748046875
2025-06-12,66.01146697998047,102.71977233886719,595.3734741210938,34.36931610107422,41.494728088378906
2025-06-13,66.53046417236328,102.4758529663086,588.7171020507812,34.48385238647461,41.86227798461914
2025-06-16,69.22521209716797,107.09082794189453,594.318359375,36.3354606628418,44.78335189819336
2025-06-17,69.11542510986328,105.37362670898438,589.2398681640625,35.848697662353516,44.889747619628906
2025-06-18,69.53460693359375,106.23222351074219,589.1510620117188,36.049129486083984,45.43140411376953
2025-06-20,68.1373291015625,104.44673156738281,587.7674560546875,35.09469223022461,43.893489837646484
2025-06-23,69.58451843261719,105.52973937988281,593.5730590820312,35.82960891723633,44.76400375366211
2025-06-24,72.19941711425781,108.31043243408203,600.13037109375,36.90812301635742,45.266971588134766
2025-06-25,71.29119110107422,105.92976379394531,600.4666748046875,36.11594009399414,44.71564483642578
2025-06-26,74.31529998779297,108.05674743652344,605.1646118164062,36.9463005065918,46.21487045288086
2025-06-27,73.12760925292969,106.75909423828125,608.1712646484375,36.3354606628418,45.56681823730469
2025-06-30,74.08575439453125,108.4762954711914,611.0790405273438,37.041744232177734,46.35995864868164
2025-07-01,71.53072357177734,105.00286865234375,610.8812866210938,35.71507263183594,45.2282829284668
2025-07-02,71.52074432373047,105.78340911865234,613.650634765625,35.99186325073242,45.9633903503418
2025-07-03,73.30725860595703,105.87122344970703,618.487060546875,36.1732063293457,45.76993942260742
2025-07-07,75.04388427734375,106.47614288330078,613.8779907226562,36.24956130981445,45.19926452636719
2025-07-08,71.80020141601562,103.66618347167969,613.5418090820312,35.33330154418945,43.738731384277344
2025-07-09,71.41095733642578,102.60269165039062,617.2210083007812,35.05651092529297,42.98427963256836
2025-07-10,70.682373046875,104.04669952392578,618.961669921875,35.34284210205078,43.525936126708984
2025-07-11,72.55872344970703,105.53948974609375,616.785888671875,35.80097198486328,44.173988342285156
2025-07-14,74.99398040771484,108.86656951904297,617.9627685546875,37.194454193115234,45.41205978393555
2025-07-15,75.65270233154297,108.53483581542969,615.3220825195312,37.3948860168457,45.98273468017578
2025-07-16,76.04194641113281,111.63750457763672,617.3792114257812,38.16798400878906,46.969322204589844
2025-07-17,77.75859832763672,112.72050476074219,621.1574096679688,38.57838821411133,47.53032302856445
2025-07-18,78.81653594970703,114.28160095214844,620.7024536132812,39.065155029296875,47.56901168823242
2025-07-21,76.93021392822266,111.94972229003906,621.87939453125,38.3111457824707,47.404579162597656
2025-07-22,77.74861907958984,112.44731903076172,621.9683837890625,38.38750457763672,47.94623565673828
2025-07-23,78.9961929321289,114.98409271240234,627.259765625,39.332393646240234,48.304115295410156
2025-07-24,79.76469421386719,117.60867309570312,627.4674682617188,40.239112854003906,49.019874572753906
2025-07-25,79.4453125,118.00869750976562,630.1181030273438,39.92414855957031,48.44920349121094
2025-07-28,78.9862060546875,115.6182861328125,629.9598999023438,39.12242126464844,46.65013122558594
2025-07-29,78.5370864868164,113.4522705078125,628.2982788085938,38.416133880615234,45.34435272216797
2025-07-30,77.59890747070312,113.10102081298828,627.507080078125,38.263423919677734,44.88007736206055
2025-07-31,74.78439331054688,111.81312561035156,625.1531372070312,37.56668472290039,43.690364837646484
2025-08-01,72.78827667236328,109.32514190673828,614.9065551757812,36.4786262512207,43.33248519897461
2025-08-04,75.1137466430664,113.56935119628906,624.2531127929688,37.690765380859375,44.889747619628906
2025-08-05,74.4450454711914,116.57445526123047,621.088134765625,38.58793640136719,45.68288803100586
2025-08-06,76.4012451171875,117.60867309570312,625.845458984375,39.31330490112305,46.06011199951172
2025-08-07,76.22159576416016,116.39883422851562,625.3212890625,38.74064636230469,45.72157669067383
2025-08-08,76.77052307128906,115.14995574951172,630.1972045898438,38.12980651855469,45.62485122680664
2025-08-11,77.5190658569336,114.5157699584961,628.9510498046875,37.82438659667969,45.56681823730469
2025-08-12,78.277587890625,116.29150390625,635.6468505859375,38.568843841552734,46.011749267578125
2025-08-13,75.45308685302734,113.53032684326172,637.82275390625,37.652584075927734,45.18959426879883
2025-08-14,75.40319061279297,113.14005279541016,637.882080078125,37.2517204284668,45.45075225830078
2025-08-15,75.45308685302734,112.94491577148438,636.3886108398438,37.23263168334961,45.75059509277344
2025-08-18,76.67071533203125,112.84735107421875,636.2501831054688,37.41397476196289,46.543731689453125
2025-08-19,73.67654418945312,107.30548095703125,632.7984008789062,35.276031494140625,43.690364837646484
2025-08-20,70.33306121826172,106.0468521118164,631.1170043945312,34.78927230834961,42.69410705566406
2025-08-21,71.29119110107422,107.7738037109375,628.5851440429688,35.48601150512695,43.622657775878906
2025-08-22,74.76443481445312,112.35951232910156,638.2382202148438,37.64303970336914,46.67914581298828
2025-08-25,74.82431030273438,112.41805267333984,635.4292602539062,37.690765380859375,46.93062973022461
2025-08-26,76.36132049560547,116.23296356201172,638.0897827148438,38.607025146484375,48.90380859375
2025-08-27,75.13370513916016,113.94986724853516,639.5436401367188,37.87210464477539,47.868858337402344
2025-08-28,78.4771957397461,116.11588287353516,641.8085327148438,39.11287307739258,48.83610153198242
2025-08-29,77.23960876464844,115.84269714355469,637.98095703125,38.81699752807617,49.74530792236328
2025-09-02,75.2734375,115.55974578857422,633.25341796875,38.7692756652832,49.71629333496094
2025-09-03,77.02003479003906,116.59396362304688,636.685302734375,39.45647430419922,50.19023895263672
2025-09-04,76.16170501708984,115.3646011352539,642.0064086914062,38.559303283691406,49.426116943359375
2025-09-05,75.70259857177734,115.89147186279297,640.14697265625,38.874263763427734,50.0935173034668
2025-09-08,77.08989715576172,117.7745361328125,641.7196044921875,39.637813568115234,51.805538177490234
2025-09-09,77.23960876464844,119.16000366210938,643.203125,40.057769775390625,52.16341781616211
2025-09-10,79.31556701660156,120.04788208007812,645.0625,40.29637908935547,52.23112106323242
2025-09-11,79.73474884033203,120.52596282958984,650.4231567382812,40.706787109375,51.6894645690918
2025-09-12,77.95821380615234,119.40392303466797,650.2054443359375,40.134124755859375,50.27729034423828
2025-09-15,86.15225219726562,127.5411148071289,653.6671142578125,43.885066986083984,55.33597183227539
2025-09-16,80.0740966796875,123.95060729980469,652.7671508789062,42.3388786315918,53.246726989746094
2025-09-17,81.65101623535156,124.26282501220703,651.9561767578125,42.52021789550781,54.136592864990234
2025-09-18,82.449462890625,127.16059875488281,655.0023193359375,43.63691329956055,54.3880729675293
2025-09-19,86.01252746582031,134.01963806152344,658.2465209960938,47.177879333496094,56.3419075012207
2025-09-22,86.14227294921875,136.6247100830078,661.3607177734375,48.10368347167969,58.02490997314453
2025-09-23,86.72114562988281,136.03929138183594,657.7606201171875,48.06550598144531,58.13130187988281
2025-09-24,82.92852783203125,132.4683074951172,655.6678466796875,46.37614822387695,56.92224884033203
2025-09-25,85.49353790283203,133.77572631835938,652.6429443359375,46.92972183227539,59.05018615722656
2025-09-26,85.4136962890625,132.9171142578125,656.3820190429688,46.204349517822266,58.5085334777832
2025-09-29,84.29586791992188,133.43421936035156,658.2266845703125,46.49068069458008,58.36344528198242
2025-09-30,83.69703674316406,132.35122680664062,660.7061157226562,45.49806594848633,58.450496673583984
2025-10-01,83.32775115966797,134.16598510742188,662.95751953125,46.06118392944336,57.696048736572266
2025-10-02,84.03636932373047,138.43948364257812,663.7210693359375,47.91279602050781,59.01149368286133
2025-10-03,84.00643157958984,137.95164489746094,663.7112426757812,47.34012985229492,57.744407653808594
2025-10-06,85.14421844482422,141.94216918945312,666.0914916992188,48.87677764892578,58.827720642089844
2025-10-07,86.28199768066406,142.16659545898438,663.6219482421875,48.87677764892578,59.359703063964844
2025-10-08,86.04246520996094,142.00071716308594,667.5791625976562,48.6954345703125,59.10822296142578
2025-10-09,86.56146240234375,143.58132934570312,665.6452026367188,49.144020080566406,59.46609878540039
2025-10-10,86.48161315917969,143.03494262695312,647.6542358398438,49.50670623779297,59.63053512573242
2025-10-13,91.9709243774414,151.51361083984375,657.5919189453125,52.96177291870117,61.39091491699219
2025-10-14,93.00890350341797,156.16761779785156,656.78857421875,54.36479568481445,64.15723419189453
2025-10-15,93.27838134765625,159.12393188476562,659.7044677734375,55.46240234375,64.01214599609375
2025-10-16,90.9529037475586,153.64059448242188,655.211669921875,53.200382232666016,61.294189453125
2025-10-17,86.4217300415039,147.76699829101562,658.9308471679688,50.881099700927734,57.63801193237305
2025-10-20,85.73307037353516,147.54258728027344,665.7840576171875,50.986083984375,57.28013229370117
2025-10-21,82.6091537475586,140.19570922851562,665.7740478515625,47.62646484375,54.43643569946289
2025-10-22,83.37765502929688,137.25889587402344,662.3128051757812,46.710201263427734,56.1871452331543
2025-10-23,86.13229370117188,139.59078979492188,666.2402954101562,47.66463851928711,55.510074615478516
2025-10-24,87.95873260498047,144.35211181640625,671.6851806640625,49.153564453125,56.864219665527344
2025-10-27,86.45167541503906,142.5763702392578,679.6094970703125,48.4472770690918,55.42302322387695
2025-10-28,106.7022476196289,149.59152221679688,681.41455078125,52.513187408447266,60.945980072021484
2025-10-29,106.46270751953125,153.72840881347656,681.7418212890625,53.897125244140625,62.01962661743164
2025-10-30,104.5165023803711,154.0211181640625,674.2439575195312,53.629878997802734,63.57688522338867
2025-10-31,102.0113754272461,151.3282470703125,676.4556274414062,52.6086311340332,62.261436462402344
2025-11-03,100.65401458740234,145.32778930664062,677.7251586914062,50.18436050415039,58.78902816772461
2025-11-04,96.7615966796875,138.6053466796875,669.6917114257812,47.464210510253906,56.428958892822266
2025-11-05,95.05491638183594,138.59559631347656,672.012451171875,47.76008605957031,55.48106002807617
2025-11-06,90.06463623046875,132.09754943847656,664.8021850585938,44.99221420288086,53.15967559814453
2025-11-07,92.0807113647461,133.50253295898438,665.4567260742188,45.641231536865234,53.8560905456543
2025-11-10,94.0568618774414,136.2539520263672,675.8407592773438,46.672027587890625,56.5063362121582
2025-11-11,92.34020233154297,133.08297729492188,677.3878784179688,45.27854537963867,55.09416198730469
2025-11-12,92.39010620117188,133.39520263671875,677.7647705078125,45.46943283081055,55.11350631713867
2025-11-13,85.81291961669922,126.80935668945312,666.5179443359375,43.274227142333984,52.89851760864258
2025-11-14,84.59529113769531,125.82392120361328,666.408935546875,42.71110534667969,52.269813537597656
2025-11-17,82.86864471435547,123.22860717773438,660.2003173828125,41.7280387878418,51.099449157714844
2025-11-18,83.13813018798828,123.36519622802734,654.6563110351562,41.737579345703125,51.35093307495117
2025-11-19,86.0724105834961,126.44835662841797,657.1853637695312,43.083335876464844,53.1209831237793
2025-11-20,81.82069396972656,119.63809204101562,647.1683349609375,40.19139099121094,49.64858627319336
2025-11-21,79.28562927246094,118.07699584960938,653.6149291992188,39.69508361816406,49.13594436645508
2025-11-24,83.17803955078125,122.29194641113281,663.235107421875,41.317626953125,51.34126281738281
2025-11-25,87.18025207519531,123.38471221923828,669.4734497070312,41.90937805175781,52.714744567871094
2025-11-26,88.63741302490234,125.21898651123047,674.09521484375,42.74928665161133,53.21771240234375
2025-11-28,88.33800506591797,126.81910705566406,677.7747192382812,43.216957092285156,53.769039154052734
2025-12-01,87.52999877929688,124.14573669433594,674.6803588867188,42.1861686706543,52.966224670410156
2025-12-02,88.2300033569336,126.93619537353516,675.9300537109375,43.19786834716797,54.15593719482422
2025-12-03,89.44999694824219,129.86325073242188,678.2706298828125,44.495906829833984,55.83893966674805
2025-12-04,94.08999633789062,135.6880645751953,678.7664794921875,46.95835876464844,58.15065002441406
2025-12-05,91.2699966430664,131.88290405273438,680.0557861328125,45.73667526245117,56.69011306762695
2025-12-08,90.9000015258789,131.19017028808594,678.0127563476562,45.631690979003906,56.17747497558594
2025-12-09,93.36000061035156,131.5121307373047,677.427490234375,45.937110900878906,56.48699188232422
2025-12-10,93.76000213623047,130.7120819091797,681.92041015625,45.517154693603516,56.3419075012207
2025-12-11,95.73999786376953,134.78067016601562,683.5072021484375,46.7674674987793,57.715389251708984
2025-12-12,91.48999786376953,126.63372039794922,676.1580810546875,43.95187759399414,54.87169647216797
2025-12-15,89.77999877929688,123.42373657226562,675.1365356445312,42.59657669067383,53.35312271118164
2025-12-16,87.05000305175781,123.07249450683594,673.2918701171875,42.25297546386719,52.56965637207031
2025-12-17,84.8499984741211,118.72095489501953,665.8832397460938,40.76405334472656,51.46699905395508
2025-12-18,87.58000183105469,122.08705139160156,670.9114990234375,41.95709991455078,53.130001068115234
2025-12-19,89.98999786376953,127.02400207519531,676.9923095703125,43.79916763305664,55.70000076293945
2025-12-22,91.70999908447266,128.0800018310547,681.2098999023438,44.07595443725586,55.63999938964844
2025-12-23,93.41000366210938,128.49000549316406,684.3233032226562,44.43864059448242,56.5099983215332
2025-12-24,93.33999633789062,128.63999938964844,686.7305297851562,44.43864059448242,56.58000183105469
2025-12-26,92.83999633789062,126.72000122070312,686.660888671875,43.78962326049805,55.97999954223633
2025-12-29,92.83999633789062,125.91999816894531,684.2138671875,43.656002044677734,55.90999984741211
2025-12-30,91.37000274658203,123.87000274658203,683.3783569335938,42.810001373291016,54.70000076293945
2025-12-31,91.48999786376953,124.19999694824219,678.3152465820312,42.72999954223633,54.88999938964844
2026-01-02,98.55999755859375,133.0399932861328,679.55859375,46.060001373291016,60.45000076293945
2026-01-05,100.16999816894531,138.80999755859375,684.0845336914062,48.630001068115234,62.15999984741211
2026-01-06,102.08999633789062,138.72000122070312,688.1529541015625,49.369998931884766,62.5099983215332
2026-01-07,103.94000244140625,139.42999267578125,685.9347534179688,49.83000183105469,63.4900016784668
2026-01-08,105.76000213623047,138.2100067138672,685.8651123046875,49.5099983215332,63.08000183105469
2026-01-09,107.55999755859375,140.4199981689453,690.4010009765625,50.310001373291016,63.380001068115234
2026-01-12,109.79000091552734,143.05999755859375,691.4852294921875,51.7599983215332,65.4800033569336
2026-01-13,108.91999816894531,140.83999633789062,690.1026000976562,50.77000045776367,64.27999877929688
2026-01-14,110.79000091552734,144.47000122070312,686.7106323242188,52.59000015258789,67.0999984741211
2026-01-15,112.83999633789062,145.07000732421875,688.5806884765625,52.779998779296875,67.98999786376953
2026-01-16,116.44000244140625,148.5399932861328,688.0037231445312,54.400001525878906,69.56999969482422
2026-01-20,115.80000305175781,146.5800018310547,673.9981689453125,54.119998931884766,70.58999633789062
2026-01-21,122.33000183105469,151.0399932861328,681.77685546875,56.150001525878906,74.37999725341797
2026-01-22,121.87000274658203,152.9199981689453,685.3379516601562,56.560001373291016,75.30000305175781
2026-01-23,124.04000091552734,152.7899932861328,685.5865478515625,57.0,75.94999694824219
2026-01-26,121.26000213623047,148.50999450683594,689.0680541992188,54.93000030517578,73.69000244140625
2026-01-27,125.97000122070312,155.6999969482422,691.8134765625,57.849998474121094,77.41999816894531
2026-01-28,134.08999633789062,164.3699951171875,691.7438354492188,61.810001373291016,83.98999786376953
2026-01-29,133.6699981689453,158.44000244140625,690.3711547851562,59.33000183105469,81.08999633789062
2026-01-30,123.38999938964844,148.6999969482422,688.3120727539062,54.9900016784668,74.36000061035156
2026-02-02,120.20999908447266,144.72000122070312,691.7339477539062,53.27000045776367,71.69999694824219
2026-02-03,126.1500015258789,151.69000244140625,685.885009765625,56.279998779296875,76.44999694824219
2026-02-04,114.81999969482422,142.00999450683594,682.5626831054688,52.38999938964844,70.05999755859375
2026-02-05,109.27999877929688,135.33999633789062,674.0379638671875,49.11000061035156,65.72000122070312
2026-02-06,113.62999725341797,142.77000427246094,686.96923828125,52.15999984741211,68.5999984741211
2026-02-09,120.68000030517578,148.9199981689453,690.2816772460938,54.900001525878906,72.56999969482422
2026-02-10,118.08999633789062,145.41000366210938,688.4613037109375,53.5,70.87999725341797
2026-02-11,119.18000030517578,146.3800048828125,688.3021850585938,53.709999084472656,72.0999984741211
2026-02-12,116.38999938964844,141.82000732421875,677.668701171875,51.75,69.30999755859375
2026-02-13,112.9000015258789,142.02000427246094,678.1461181640625,51.90999984741211,68.95999908447266
2026-02-17,112.94000244140625,142.4600067138672,679.2402954101562,51.31999969482422,68.22000122070312
2026-02-18,116.5,145.86000061035156,682.662109375,52.9900016784668,71.29000091552734
2026-02-19,119.02999877929688,147.91000366210938,680.8616333007812,53.91999816894531,72.62000274658203
2026-02-20,121.3499984741211,148.41000366210938,685.7855834960938,54.36000061035156,73.48999786376953
2026-02-23,118.75,146.2899932861328,678.7827758789062,53.439998626708984,72.05999755859375
2026-02-24,121.08000183105469,150.52999877929688,683.7164916992188,54.95000076293945,74.2699966430664
2026-02-25,119.72000122070312,150.92999267578125,689.4859008789062,55.189998626708984,73.48999786376953
2026-02-26,118.18000030517578,149.74000549316406,685.6561889648438,54.869998931884766,72.30999755859375
2026-02-27,118.4000015258789,148.27000427246094,682.3637084960938,54.34000015258789,71.94000244140625
2026-03-02,125.73999786376953,153.8300018310547,682.751708984375,56.45000076293945,75.55999755859375
2026-03-03,117.79000091552734,143.6699981689453,676.7337036132812,52.0,69.37000274658203
2026-03-04,120.23999786376953,145.94000244140625,681.5082397460938,52.77000045776367,70.97000122070312
2026-03-05,114.23999786376953,139.44000244140625,677.70849609375,50.060001373291016,66.5
2026-03-06,109.68000030517578,136.00999450683594,668.82568359375,48.779998779296875,63.970001220703125
2026-03-09,116.13999938964844,140.27999877929688,674.6845703125,51.06999969482422,66.69999694824219
2026-03-10,120.08000183105469,142.8699951171875,673.6002807617188,52.310001373291016,68.68000030517578
2026-03-11,115.38999938964844,141.1199951171875,672.7548217773438,51.36000061035156,67.5
2026-03-12,115.30000305175781,140.80999755859375,662.5390625,50.77000045776367,67.11000061035156
2026-03-13,107.91999816894531,136.6300048828125,658.7890014648438,49.290000915527344,63.81999969482422
2026-03-16,110.30999755859375,137.88999938964844,665.493408203125,49.95000076293945,64.18000030517578
2026-03-17,111.5199966430664,139.5399932861328,667.2440185546875,50.52000045776367,65.05000305175781
2026-03-18,109.4000015258789,135.75999450683594,657.9335327148438,49.06999969482422,62.54999923706055
2026-03-19,106.5999984741211,133.6199951171875,656.3121948242188,48.27000045776367,60.900001525878906
2026-03-20,101.55000305175781,127.81999969482422,646.9034423828125,46.439998626708984,58.130001068115234
2026-03-23,105.56999969482422,131.85000610351562,653.6959228515625,48.150001525878906,60.150001525878906
2026-03-24,108.04000091552734,132.3699951171875,651.5015869140625,48.189998626708984,61.0099983215332
2026-03-25,109.0199966430664,136.42999267578125,655.1322021484375,48.95000076293945,62.68000030517578
2026-03-26,104.66999816894531,130.49000549316406,643.432373046875,46.70000076293945,59.2400016784668
2026-03-27,103.91999816894531,130.1300048828125,632.4606323242188,46.630001068115234,59.779998779296875
2026-03-30,102.83999633789062,127.13999938964844,630.3460693359375,45.290000915527344,58.439998626708984
2026-03-31,108.61000061035156,133.19000244140625,648.6688842773438,48.43000030517578,63.150001525878906
2026-04-01,111.12999725341797,134.36000061035156,653.5562744140625,49.2599983215332,63.869998931884766
2026-04-02,112.56999969482422,133.6699981689453,654.144775390625,48.900001525878906,63.40999984741211
2026-04-06,110.4800033569336,133.39999389648438,657.23681640625,48.61000061035156,62.91999816894531
2026-04-07,110.2300033569336,131.33999633789062,657.5260009765625,47.95000076293945,61.689998626708984
2026-04-08,115.9000015258789,137.4600067138672,674.27294921875,51.400001525878906,64.73999786376953
2026-04-09,115.54000091552734,136.5399932861328,678.162841796875,50.93000030517578,64.61000061035156
2026-04-10,116.04000091552734,136.75,677.7140502929688,50.959999084472656,64.44000244140625
2026-04-13,116.69999694824219,139.02000427246094,684.3369750976562,52.18000030517578,65.9000015258789
2026-04-14,116.05999755859375,141.36000061035156,692.675537109375,52.84000015258789,66.43000030517578
2026-04-15,119.11000061035156,144.94000244140625,698.1414184570312,54.84000015258789,68.88999938964844
2026-04-16,120.2699966430664,145.4499969482422,699.8569946289062,55.27000045776367,69.5199966430664
2026-04-17,120.66000366210938,145.9600067138672,708.3152465820312,55.86000061035156,69.43000030517578
2026-04-20,123.62000274658203,146.4199981689453,706.8988037109375,56.04999923706055,70.41000366210938
2026-04-21,116.61000061035156,139.67999267578125,702.2708129882812,53.7400016784668,67.08999633789062
2026-04-22,126.47000122070312,148.17999267578125,709.3825073242188,57.72999954223633,71.36000061035156
2026-04-23,123.8499984741211,146.35000610351562,706.6295776367188,56.470001220703125,69.12999725341797
2026-04-24,122.1500015258789,143.77000427246094,712.10546875,55.310001373291016,67.01000213623047
2026-04-27,123.11000061035156,146.86000061035156,713.332275390625,56.70000076293945,68.73999786376953
2026-04-28,116.30999755859375,141.08999633789062,709.8612060546875,54.22999954223633,65.95999908447266
2026-04-29,114.29000091552734,137.55999755859375,709.7515258789062,52.88999938964844,64.41000366210938
2026-04-30,123.04000091552734,145.97000122070312,716.8132934570312,56.41999816894531,68.55000305175781
2026-05-01,120.5999984741211,144.0,718.7982177734375,55.84000015258789,67.12999725341797
2026-05-04,118.26000213623047,143.4600067138672,716.1649780273438,54.77000045776367,66.36000061035156
2026-05-05,114.45999908447266,141.3699951171875,721.9102172851562,54.20000076293945,64.81999969482422
2026-05-06,123.76000213623047,149.25,731.9443359375,58.2599983215332,69.19000244140625
2026-05-07,118.70999908447266,144.13999938964844,729.7001342773438,56.2599983215332,67.01000213623047
2026-05-08,116.75,140.8800048828125,735.724609375,55.18000030517578,64.98999786376953
2026-05-11,120.13999938964844,145.64999389648438,737.4002685546875,57.22999954223633,68.19000244140625
2026-05-12,116.93000030517578,139.89999389648438,736.2831420898438,54.349998474121094,65.5
2026-05-13,115.38999938964844,136.39999389648438,740.4025268554688,53.310001373291016,63.880001068115234
2026-05-14,112.51000213623047,134.60000610351562,746.2474975585938,52.5,62.5
2026-05-15,107.51000213623047,129.67999267578125,737.2706298828125,49.93000030517578,60.150001525878906
2026-05-18,105.13999938964844,127.52999877929688,736.751953125,48.68000030517578,58.75
2026-05-19,103.5199966430664,125.05999755859375,731.8446044921875,47.20000076293945,57.08000183105469
2026-05-20,104.0199966430664,127.83999633789062,739.3452758789062,48.040000915527344,57.43000030517578
2026-05-21,105.33000183105469,129.9499969482422,740.8114624023438,48.86000061035156,58.08000183105469
2026-05-22,104.75,130.85000610351562,743.7239990234375,48.959999084472656,58.220001220703125
2026-05-26,108.16999816894531,134.61000061035156,748.6613159179688,50.86000061035156,60.880001068115234
2026-05-27,107.44000244140625,132.52000427246094,748.5316162109375,50.15999984741211,60.47999954223633
2026-05-28,110.62999725341797,133.30999755859375,752.6609497070312,50.75,61.349998474121094
2026-05-29,112.69999694824219,133.3000030517578,754.5361328125,50.7599983215332,61.279998779296875
2026-06-01,112.58999633789062,131.85000610351562,756.5908203125,50.540000915527344,61.13999938964844
2026-06-02,120.51000213623047,138.1699981689453,757.6182250976562,53.41999816894531,65.33999633789062
2026-06-03,114.55999755859375,131.8300018310547,752.3018798828125,50.38999938964844,61.459999084472656
2026-06-04,114.0199966430664,131.57000732421875,755.1445922851562,50.279998779296875,61.04999923706055
2026-06-05,103.44000244140625,122.11000061035156,735.65478515625,45.310001373291016,55.279998779296875
2026-06-08,105.44000244140625,123.22000122070312,737.3204345703125,45.91999816894531,55.779998779296875
2026-06-09,102.2699966430664,119.55000305175781,735.1560668945312,44.119998931884766,53.75
2026-06-10,95.02999877929688,115.5199966430664,723.56591796875,42.349998474121094,51.470001220703125
2026-06-11,98.97000122070312,120.94000244140625,735.8642578125,44.83000183105469,54.290000915527344
2026-06-12,100.95999908447266,121.94999694824219,739.843994140625,45.52000045776367,54.58000183105469
2026-06-15,107.0199966430664,126.01000213623047,752.890380859375,48.060001373291016,57.900001525878906
2026-06-16,107.87999725341797,124.5999984741211,748.4019775390625,47.869998931884766,57.72999954223633
2026-06-17,105.66999816894531,124.6500015258789,739.0560302734375,47.099998474121094,57.08000183105469
2026-06-18,106.48999786376953,126.94000244140625,746.739990234375,47.779998779296875,57.470001220703125
2026-06-22,107.06999969482422,124.55000305175781,744.3900146484375,46.79999923706055,56.18000030517578
2026-06-23,108.88999938964844,122.4000015258789,733.5800170898438,45.58000183105469,55.689998626708984
2026-06-24,106.63999938964844,119.44999694824219,733.239990234375,44.720001220703125,54.290000915527344
2026-06-25,103.58000183105469,117.38999938964844,734.2999877929688,43.91999816894531,53.2599983215332
2026-06-26,104.48999786376953,116.30000305175781,728.989990234375,43.59000015258789,53.04999923706055
